stnId,stnNm,tm,avgTa,minTa,minTaHrmt,maxTa,maxTaHrmt,mi10MaxRn,mi10MaxRnHrmt,hr1MaxRn,hr1MaxRnHrmt,sumRnDur,sumRn,maxInsWs,maxInsWsWd,maxInsWsHrmt,maxWs,maxWsWd,maxWsHrmt,avgWs,hr24SumRws,maxWd,avgTd,minRhm,minRhmHrmt,avgRhm,avgPv,avgPa,maxPs,maxPsHrmt,minPs,minPsHrmt,avgPs,ssDur,sumSsHr,hr1MaxIcsrHrmt,hr1MaxIcsr,sumGsr,ddMefs,ddMefsHrmt,ddMes,ddMesHrmt,sumDpthFhsc,avgTca,avgLmac,avgTs,minTg,avgCm5Te,avgCm10Te,avgCm20Te,avgCm30Te,avgM05Te,avgM10Te,avgM15Te,avgM30Te,avgM50Te,sumLrgEv,sumSmlEv,n99Rn,iscs,sumFogDur
165,목포,2003-01-01,1.5,-0.1,2156,3.6,1338,,,,,,,16.4,360,1537,11.5,360,1544,7.7,6653,360,-4.7,50,1519,61.0,4.3,1023.3,1030.9,2358,1024.6,0139,1028.0,9.9,1.2,1300,1.14,5.65,,,,,,5.9,5.9,2.3,-0.2,2.9,3.3,4.9,5.7,7.8,9.7,11.6,14.8,18.0,,2.3,,,
165,목포,2003-01-02,-0.3,-4.1,0804,4.1,1551,,,,,,,10.8,360,0008,7.6,20,0037,2.4,2074,20,-7.6,30,1308,57.5,3.5,1025.5,1034.8,1014,1026.2,2309,1030.3,9.9,7.6,1200,2.06,11.5,,,,,,4.3,1.6,2.9,-6.2,2.5,2.7,4.2,5.2,7.3,9.3,11.1,14.8,17.9,,1.8,,,
165,목포,2003-01-03,-0.2,-2.8,2324,2.6,1332,,,,,4.85,1.5,21.0,320,1747,14.7,320,1753,5.5,4752,340,-4.5,51,1911,73.9,4.5,1017.7,1026.4,0000,1019.7,1341,1022.4,9.9,0.7,1400,0.81,4.03,1.5,2141,1.5,2141,1.5,8.5,5.5,1.6,-3.1,2.2,2.7,4.3,5.1,7.2,8.9,10.9,15.2,17.5,,0.3,3.4,{눈}0920-0928. {소낙눈}0948-{눈}1023-1121. {눈}1204-1225. {눈}1642-1654. {소낙눈}2019-{소낙눈}{강도0}2100-2141. {폭풍}1751-1755.,
165,목포,2003-01-04,-3.7,-5.3,1910,-2.1,0001,,,,,16.12,4.5,20.0,360,1544,11.7,360,1612,7.4,6394,340,-7.2,60,1752,79.5,3.6,1019.8,1027.5,2245,1022.8,0620,1024.6,9.9,1.6,1100,1.34,6.58,6.7,0845,8.2,0845,8.7,7.6,4.3,0.7,-5.8,1.4,2.2,3.8,4.8,6.8,8.1,10.7,14.8,17.5,,0.1,3.6,{소낙눈}0220-{소낙눈}{강도0}0300-0440.{소낙눈}0518-0553.{소낙눈}0628-{소낙눈}{강도0}0900-0933.{소낙눈}0952-1016.{소낙눈}1042-1122.{소낙눈}1143-{소낙눈}{강도0}1200-1246.{소낙눈}1257-1316.{소낙눈}1332-{시정(미만)}{1km}{소낙눈}1408-{시정(미만)}{0.5km}{소낙눈}1412-{시정(이상)}{0.5km}{소낙눈}1427-{시정(이상)}{1km}{소낙눈}1432-1448.{소낙눈}1538-1552.{소낙눈}1607-{시정(미만)}{1km}{소낙눈}1610-{시정(이상)}{1km}{소낙눈}1618-1652.{소낙눈}1821-{시정(미만)}{1km}{소낙눈}1825-{시정(미만)}{0.5km}{소낙눈}1829-{시정(미만)}{0.2km}{소낙눈}1832-{시정(이상)}{0.2km}{소낙눈}1844-{시정(이상)}{0.5km}{소낙눈}1846-{시정(이상)}{1km}{소낙눈}1849-1943.{소낙눈}1956-{소낙눈}{강도0}2100-{소낙눈}{강도0}2400-,
165,목포,2003-01-05,-4.6,-6.1,1928,-3.0,1045,,,,,23.4,3.5,16.5,360,0010,12.3,360,0307,6.3,5443,360,-7.6,63,0421,84.0,3.5,1027.1,1034.8,2134,1027.3,0001,1032.0,9.9,1.7,1100,1.77,7.63,4.7,2045,9.2,2045,5.7,7.6,7.6,1.0,-7.2,1.4,2.1,3.3,4.5,6.4,7.3,10.5,14.7,17.5,,0.0,2.6,-{소낙눈}-{소낙눈}{강도1}0300-{소낙눈}{강도0}0600-0835. {소낙눈}0911-{시정(미만)}{1km}{소낙눈}0913-{시정(이상)}{1km}{소낙눈}0947-{소낙눈}{강도0}1200-{소낙눈}{강도0}1500-{소낙눈}{강도0}1800-{소낙눈}{강도0}2100-{소낙눈}{강도0}2400-,
165,목포,2003-01-06,-4.4,-9.3,0652,0.7,1437,,,,,5.72,0.1,10.0,360,0205,7.6,20,0208,2.5,2160,50,-9.4,54,1219,71.8,3.0,1028.2,1034.7,1013,1031.4,1524,1033.0,9.9,9.0,1200,2.12,12.87,0.1,0214,9.3,0214,0.1,2.0,1.4,0.4,-9.5,1.7,2.1,3.4,4.4,5.8,7.8,10.5,14.3,17.2,,0.3,,-{소낙눈}-{소낙눈}{강도0}0300-0515. {소낙눈}0610-0638.,
165,목포,2003-01-07,-2.4,-5.4,0643,1.7,1352,,,,,,,7.1,360,1724,5.4,20,1528,1.9,1642,20,-9.5,33,1033,60.0,3.0,1026.8,1033.2,1014,1030.1,1607,1031.6,9.9,8.3,1200,2.08,12.39,,,1.0,0000,,1.3,0.0,0.0,-8.3,1.1,2.0,3.2,4.0,6.2,8.2,10.6,14.7,17.2,,0.8,,,
165,목포,2003-01-08,-0.9,-3.4,0047,4.1,1402,,,,,,,8.9,360,1634,6.8,360,1643,2.4,2074,20,-6.6,50,1456,66.6,3.7,1025.0,1031.6,1008,1028.1,1358,1029.8,9.9,5.6,1300,2.0,10.31,,,,,,3.8,3.3,1.4,-7.6,2.0,2.4,3.4,4.0,5.7,8.0,10.4,14.4,17.0,,0.7,,,
165,목포,2003-01-09,1.7,-2.5,0022,5.0,1522,,,,,,,4.8,20,1521,4.1,360,1530,1.2,1037,50,-3.4,54,1121,70.3,4.8,1020.4,1028.4,0000,1022.3,2344,1025.1,10.0,3.0,1100,1.64,8.31,,,,,,6.0,4.5,2.0,-5.7,2.5,2.8,3.6,4.2,5.2,8.4,10.3,14.7,17.5,,1.2,,,
165,목포,2003-01-10,3.2,1.0,0815,5.8,1331,,,,,,,9.2,20,2020,6.7,20,2026,2.8,2419,360,-0.7,56,1314,76.0,5.8,1016.2,1022.5,0001,1018.7,1517,1020.8,10.0,0.0,1200,1.02,6.56,,,,,,5.3,2.9,3.8,-2.5,3.5,3.7,4.2,4.6,5.6,8.3,10.0,14.3,17.0,,0.2,,{박무}0335-{박무}{강도0}0600-{시정(미만)}{1km}{안개}0825-{시정(이상)}{1km}{박무}0848-{박무}{강도2}0900-{박무}{강도1}1200-{박무}{강도0}1500-{박무}{강도0}1800-{박무}{강도0}2100-{박무}{강도0}2400-,0.38
165,목포,2003-01-11,2.9,-1.1,0722,7.0,1503,,,,,,,10.2,290,1513,7.5,290,1515,3.1,2678,360,-1.5,52,1507,74.4,5.5,1017.8,1023.9,1036,1021.0,1426,1022.5,10.0,8.1,1100,1.84,11.5,,,,,,2.3,2.3,3.1,-5.7,3.3,3.3,4.2,4.8,6.2,8.4,10.5,14.7,17.2,,0.8,,-{박무}-{박무}{강도0}0300-{박무}{강도0}0600-{박무}{강도2}0900-{박무}{강도0}1200-{박무}{강도0}1500-{박무}{강도0}1800-{박무}{강도0}2100-{박무}{강도0}2400-,
165,목포,2003-01-12,4.6,-0.2,0729,9.8,1430,,,,,,,5.8,270,1337,4.0,270,1342,2.5,2160,160,-0.3,43,1454,72.0,6.0,1017.7,1024.7,1030,1020.5,2400,1022.3,10.0,8.8,1200,1.97,11.96,,,,,,2.4,1.6,4.3,-4.3,4.1,4.3,4.6,4.9,6.2,8.4,10.2,14.5,17.2,,0.7,,-{박무}-{박무}{강도0}0300-{박무}{강도0}0600-0621.,
165,목포,2003-01-13,6.9,2.9,0711,11.5,1411,,,,,,,8.0,230,1343,5.6,250,1329,3.8,3283,160,2.5,51,1452,74.8,7.4,1013.3,1020.5,0000,1015.9,1452,1017.9,10.0,6.9,1200,1.62,9.52,,,,,,2.3,1.0,6.1,2.1,5.4,5.1,5.5,5.8,5.7,7.8,9.9,14.3,17.1,,2.2,,{박무}0724-{박무}{강도0}0900-{박무}{강도0}1200-{박무}{강도0}1500-{박무}{강도0}1800-{박무}{강도0}2100-{박무}{강도0}2400-,
165,목포,2003-01-14,2.0,-0.4,2311,6.3,0000,,,,,,,17.3,360,1422,12.7,360,1426,8.8,7603,360,-4.3,48,1423,62.3,4.6,1020.2,1029.5,2217,1017.7,0011,1024.9,10.1,7.2,1300,1.84,10.8,,,,,,5.0,5.0,3.7,-0.9,3.9,4.7,5.5,5.7,6.2,8.2,9.9,13.8,16.9,,2.0,,-{박무}-{박무}{강도0}0300-{박무}{강도0}0600-0838.,
165,목포,2003-01-15,-1.3,-4.8,0803,2.5,1333,,,,,,,14.3,20,0004,10.1,20,0035,4.2,3629,20,-8.0,45,1334,60.8,3.4,1026.5,1033.9,1043,1029.1,0009,1031.2,10.1,9.4,1200,2.24,13.69,,,,,,1.5,1.0,3.1,-7.3,2.9,3.2,4.3,5.0,6.5,8.4,10.0,13.9,17.1,,1.6,,{달무리}2142-2324.,
165,목포,2003-01-16,1.9,-2.5,0748,7.0,1453,,,,,,,4.9,160,2216,4.4,160,2224,1.6,1382,160,-5.3,47,1056,59.9,4.2,1022.5,1029.6,0000,1025.3,2243,1027.2,10.1,9.2,1200,2.1,12.77,,,,,,1.4,0.0,3.9,-5.3,3.4,3.8,4.3,4.9,6.2,8.3,9.8,13.8,17.4,,1.8,,,
165,목포,2003-01-17,5.9,0.7,0641,13.0,1402,,,,,,,13.6,360,2104,10.0,360,2106,4.4,3802,160,2.1,59,1252,76.9,7.3,1018.9,1025.8,0109,1021.0,1549,1023.6,10.1,5.2,1200,1.67,8.63,,,,,,5.5,4.5,6.2,-3.0,5.2,5.1,5.1,5.3,6.0,8.3,9.8,13.7,16.5,,1.5,,{박무}2018-{박무}{강도0}2100-{박무}{강도0}2400-,
165,목포,2003-01-18,3.2,-0.2,0806,7.9,1314,,,,,,,11.4,360,0004,9.1,360,0011,3.9,3370,360,-1.2,51,1444,73.8,5.6,1020.9,1029.0,1049,1022.4,2302,1025.6,10.1,7.1,1200,1.98,11.28,,,,,,5.5,1.8,4.9,-3.3,5.1,5.6,5.9,6.1,6.4,8.2,9.5,13.5,16.9,,1.4,0.0,-{박무}-{박무}{강도0}0300-{박무}{강도0}0600-{박무}{강도0}0900-{박무}{강도0}1200-{박무}{강도0}1500-{박무}{강도0}1800-{박무}{강도0}2100-{박무}{강도0}2400-,
165,목포,2003-01-19,2.2,0.9,0547,5.0,1246,,,,,3.08,0.0,11.1,360,1314,7.7,340,1318,3.5,3024,360,-0.3,58,1310,84.1,6.0,1014.7,1022.7,0008,1017.8,1454,1019.4,10.2,1.2,1400,1.09,5.86,,,,,,9.1,5.9,3.6,-2.1,5.2,5.3,5.3,5.7,6.7,8.3,9.8,13.6,17.0,,0.8,0.0,-{박무}-{박무}{강도0}0300-{박무}{강도0}0600-0842.{비}0640-0646. {비}0708-0714. {비}1537-1548. {비}1618-1623. {비}1652-1718. {비}1913-{비}{강도0}2100-2124.,
165,목포,2003-01-20,2.1,0.5,1437,4.9,1139,,,,,2.53,0.4,17.1,340,1601,12.1,320,1255,5.9,5098,360,-2.7,47,1235,69.6,5.0,1014.5,1021.1,2220,1017.0,1346,1019.1,10.2,3.1,1100,1.98,7.97,,,,,,7.3,7.3,2.7,0.3,3.8,4.5,5.0,5.5,6.7,8.5,9.8,13.5,16.8,,0.7,0.4,{소나기}1020-1034. {소낙눈}1311-1345. {소낙눈}1421-1456. {소낙눈}1555-1621. {소낙눈}1710-1753.,
165,목포,2003-01-21,1.5,-0.6,2225,4.3,1336,,,,,,,13.3,360,0212,8.5,360,0216,4.4,3802,360,-5.3,47,1134,59.6,4.1,1017.1,1022.9,0936,1020.7,2357,1021.8,10.2,5.9,1300,2.41,11.35,,,,,,3.8,3.8,3.2,-3.1,3.4,4.0,4.6,5.1,6.7,8.4,9.8,13.3,16.3,,1.7,0.4,,
165,목포,2003-01-22,-0.2,-2.1,0615,1.8,1403,,,,,10.35,3.0,9.0,90,1737,5.7,360,2344,2.5,2160,70,-3.4,45,1317,79.1,4.8,1008.5,1020.8,0003,1008.1,1925,1013.2,10.2,0.0,1100,0.59,2.95,4.7,2400,4.7,2400,4.7,8.6,3.6,1.0,-3.7,1.8,2.7,3.9,4.9,6.1,8.3,9.4,13.0,16.5,,0.2,3.5,{눈}1339-{눈}{강도0}1500-{싸락눈}1723-{싸락눈}{강도0}1800-{눈}2035-{눈}{강도0}2100-{눈}{강도1}2400-,
165,목포,2003-01-23,1.0,-2.3,0802,3.0,1230,,,,,1.48,0.5,15.1,360,1040,10.2,360,1049,6.2,5357,360,-3.2,57,1539,72.8,4.8,1010.1,1018.6,2345,1009.7,0000,1014.8,10.3,3.4,1200,1.67,8.07,1.2,0120,5.9,0120,1.2,5.6,5.6,1.7,-4.6,2.6,3.2,3.7,4.5,6.4,8.5,9.6,13.3,16.4,,1.7,0.0,-{눈}-0120. {소낙눈}0855-{소낙눈}{강도0}0900-0904.{박무}0645-0734.,
165,목포,2003-01-24,1.7,-2.0,2341,5.3,1432,,,,,,,13.0,360,1047,8.9,360,1409,5.5,4752,360,-4.8,47,1407,60.9,4.3,1019.1,1027.7,2255,1018.5,0000,1023.8,10.3,6.8,1100,2.01,11.78,,,,,,3.5,3.5,3.2,-3.6,3.1,3.7,4.1,4.5,5.9,8.1,9.5,13.3,16.4,,1.2,0.0,,
165,목포,2003-01-25,1.8,-3.7,0643,5.8,1530,,,,,,,5.7,70,2212,3.3,110,0716,1.6,1382,110,-4.8,51,1512,62.5,4.4,1021.5,1028.8,0912,1023.4,2357,1026.2,10.3,1.0,1200,1.06,5.73,,,,,,6.6,4.4,1.6,-4.8,1.8,2.5,3.5,4.4,6.2,8.2,9.7,13.5,16.2,,0.4,8.0,,
165,목포,2003-01-26,4.6,3.8,2206,6.2,0244,,,,,18.77,20.0,11.0,90,1010,6.0,70,1112,2.7,2333,110,2.8,64,0220,88.3,7.5,1013.0,1023.5,0002,1014.4,2150,1017.5,10.3,0.0,1100,0.26,1.25,,,,,,10.0,6.0,5.1,3.3,4.3,4.2,4.5,4.7,5.7,7.8,9.3,12.9,16.2,,0.1,15.5,{비}0105-0135. {비}0208-{비}{강도0}0300-{비}{강도0}0600-{비}{강도0}0900-{비}{강도0}1200-{비}{강도0}1500-{비}{강도0}1800-2024.{박무}2026-{박무}{강도0}2100-{박무}{강도0}2400-,
165,목포,2003-01-27,1.0,-3.3,2135,4.1,0000,,,,,18.05,4.8,17.8,320,1653,11.7,320,1939,6.8,5875,340,-1.2,55,1822,86.9,5.8,1012.0,1020.7,2333,1013.6,0526,1016.7,10.4,0.1,1000,0.56,3.57,1.0,2400,1.0,2400,1.0,9.3,6.8,3.7,-3.5,3.9,4.3,4.8,5.1,6.5,7.7,9.0,13.0,16.0,,0.5,2.0,-{박무}-{박무}{강도0}0300-{박무}{강도0}0600-0725.{비}0021-0218. {비}0340-0516. {비}0548-{비}{강도0}0600-{비}{강도0}0900-{비}{강도0}1200-{진눈깨비}1408-{눈}1422-{눈}{강도0}1500-1520. {눈}1532-1644. {소낙눈}2014-{소낙눈}{강도0}2100-{소낙눈}{강도0}2400-,
165,목포,2003-01-28,-2.4,-5.2,2331,0.4,1450,,,,,14.42,1.6,20.6,320,1818,14.6,320,1648,8.1,6998,340,-6.0,50,1458,78.0,3.9,1015.3,1021.7,2229,1018.0,1444,1020.0,10.4,2.6,1200,1.32,8.01,1.3,0635,2.3,0635,2.9,7.4,7.4,0.6,-5.5,1.4,2.2,3.4,4.3,5.5,7.4,9.0,13.0,16.0,,0.1,2.3,-{소낙눈}-{소낙눈}{강도0}0300-{소낙눈}{강도0}0600-0635. {소낙눈}0812-{소낙눈}{강도0}0900-{소낙눈}{강도0}1200-1218. {소낙눈}1247-1258. {소낙눈}1310-1323. {소낙눈}1605-1628. {소낙눈}1648-1726. {소낙눈}1910-1928. {소낙눈}2012-2053. {소낙눈}2216-2336. {폭풍}1645-1652. {폭풍}1822-1827,
165,목포,2003-01-29,-4.6,-6.7,0501,-2.5,1431,,,,,16.3,1.6,18.1,360,0113,12.4,360,1039,8.3,7171,340,-8.6,55,1420,77.8,3.2,1021.2,1029.5,2228,1021.3,0002,1026.0,10.4,2.5,1200,1.94,9.23,2.0,0936,3.4,0936,2.2,8.4,8.4,0.1,-7.6,1.2,1.8,2.7,3.7,5.3,7.4,8.8,12.6,16.0,,0.2,0.2,{소낙눈}0319-0516.{소낙눈}0638-0736.{소낙눈}0813-{소낙눈}{강도0}0900-0936.{소낙눈}1008-{소낙눈}{강도0}1200-1341.{소낙눈}1426-{소낙눈}{강도0}1500-{소낙눈}{강도0}1800-1813.{소낙눈}1920-{소낙눈}{강도0}2100-{소낙눈}{강도0}2400-,
165,목포,2003-01-30,-2.2,-6.8,0747,2.0,1507,,,,,7.58,0.0,12.1,360,0005,8.6,360,0010,1.8,1555,50,-6.9,57,1516,72.3,3.7,1025.2,1031.9,0907,1028.9,0423,1030.0,10.4,9.6,1200,2.41,15.19,0.0,0000,2.1,0000,0.0,1.8,1.8,1.1,-8.0,2.1,2.5,3.0,3.6,4.7,7.3,8.9,12.9,15.9,,0.5,,-{소낙눈}-{소낙눈}{강도0}0300-{소낙눈}{강도0}0600-0735.,
165,목포,2003-01-31,0.0,-2.6,0724,4.1,1517,,,,,,,9.7,20,2252,7.1,360,1830,2.9,2506,160,-4.2,65,1415,74.3,4.5,1022.9,1029.4,0000,1025.8,1804,1027.6,10.5,1.0,1300,1.37,7.06,,,,,,7.5,5.0,1.7,-3.5,2.2,2.4,3.1,3.6,4.7,7.5,9.0,12.8,16.0,,1.3,,,
165,목포,2003-02-01,-0.7,-4.7,0750,4.1,1346,,,,,,,9.5,20,0030,6.9,360,1657,3.9,3370,360,-6.6,38,1259,65.1,3.8,1022.7,1028.6,1034,1026.4,1412,1027.4,10.5,9.3,1300,2.4,15.31,,,,,,1.5,0.0,3.2,-5.0,2.6,3.1,3.7,3.7,4.7,7.3,9.0,12.8,16.0,,1.5,,,
165,목포,2003-02-02,0.7,-2.6,0227,4.8,1214,,,,,,,8.9,20,1309,7.1,360,1317,3.1,2678,20,-3.9,55,1319,72.1,4.6,1022.7,1028.7,0955,1026.4,1554,1027.4,10.5,5.1,1100,2.19,11.14,,,,,,3.3,3.3,2.2,-4.5,2.6,3.0,3.5,4.0,5.2,7.2,8.6,13.2,15.9,,0.9,,,
165,목포,2003-02-03,2.1,-1.5,0641,5.8,1219,,,,,,,8.0,340,1440,5.9,360,0253,3.2,2765,360,-3.4,49,1410,66.6,4.8,1021.8,1028.7,1115,1024.7,2333,1026.5,10.6,6.9,1100,2.18,13.6,,,,,,4.1,2.3,3.8,-4.7,3.4,3.6,3.8,4.1,5.1,7.0,8.7,12.5,15.6,,0.9,0.0,,
165,목포,2003-02-04,1.0,-0.2,2151,3.2,1328,,,,,3.9,0.0,7.8,360,1612,6.2,360,1552,2.7,2333,360,-1.5,75,1057,83.4,5.5,1019.2,1025.6,2207,1022.0,1350,1023.9,10.6,0.5,1000,1.17,6.02,,,,,,7.5,7.5,2.5,-2.2,2.8,3.4,4.0,4.7,5.5,7.4,8.9,13.2,15.8,,0.9,0.0,{박무}0715-{박무}{강도0}0900-1036. {소낙눈}0824-{소낙눈}{강도0}0900-0918. {비}1532-1548. {소낙눈}1840-{소낙눈}{강도0}2100-2124.,
165,목포,2003-02-05,1.2,-0.5,0251,2.5,1559,,,,,4.17,0.1,15.1,360,1512,10.1,360,1519,5.4,4666,360,-3.2,57,1728,71.3,4.9,1022.4,1030.1,2351,1024.6,0522,1027.1,10.6,2.7,1300,1.21,7.03,0.2,0135,0.2,0135,0.2,6.5,6.5,1.8,-2.4,2.4,3.1,3.7,4.2,5.2,7.2,8.7,13.0,15.6,,0.6,0.1,{소낙눈}0042-0135. {소낙눈}0642-0735. {소낙눈}1037-1145. {소낙눈}1240-1356. {박무}0148-{박무}{강도0}0300-{박무}{강도0}0600-{박무}{강도0}0900-{박무}{강도0}1200-{박무}{강도0}1500-1515.,
165,목포,2003-02-06,1.9,-1.7,0627,5.9,1428,,,,,,,7.8,360,0007,5.8,320,1439,2.7,2333,160,-4.4,49,1109,63.9,4.4,1024.7,1031.3,1137,1027.0,2400,1029.4,10.6,9.9,1200,2.51,16.2,,,,,,1.9,1.8,3.9,-5.1,3.4,3.8,4.0,4.3,4.9,7.2,9.0,12.8,15.5,,1.9,0.1,,
165,목포,2003-02-07,5.1,0.0,0000,9.0,1506,,,,,,,6.3,140,2323,4.7,140,2331,2.5,2160,160,0.3,59,1254,71.0,6.3,1017.9,1027.0,0000,1018.4,2350,1022.5,10.7,0.1,1200,1.52,6.62,,,,,,6.9,4.0,5.1,-0.9,4.2,4.3,4.5,4.6,5.3,7.0,8.5,12.5,15.5,,0.3,20.0,,
165,목포,2003-02-08,5.2,3.7,2315,7.7,1143,,,,,12.72,20.5,11.5,320,1559,9.1,320,1605,3.4,2938,340,3.8,73,0000,91.0,8.0,1010.2,1021.0,2354,1010.4,1252,1014.8,10.7,0.0,1500,0.76,3.18,,,,,,9.3,6.4,6.4,3.2,5.8,5.9,5.7,5.5,5.5,6.8,8.2,12.5,15.5,,0.8,0.5,{비}0202-{비}{강도0}0300-{비}{강도1}0600-{비}{강도1}0900-{비}{강도0}1200-1445.{박무}1410-{박무}{강도0}1500-{박무}{강도0}1800-{박무}{강도0}2100-2232.,
165,목포,2003-02-09,5.5,2.6,0314,11.7,1511,,,,,,,7.4,20,0121,5.8,20,0124,2.4,2074,20,3.2,61,1422,86.0,7.7,1017.2,1023.9,1043,1019.9,0317,1021.8,10.7,6.5,1200,2.44,13.68,,,,,,4.1,4.1,7.5,1.2,6.6,7.0,6.7,6.2,6.0,7.3,8.5,12.5,15.5,,1.8,0.5,{박무}0609-{박무}{강도0}0900-{박무}{강도0}1200-1342.,
165,목포,2003-02-10,4.0,2.1,0608,7.8,1409,,,,,1.58,0.5,7.5,360,2316,5.8,340,2352,3.8,3283,360,2.4,74,1404,89.4,7.2,1016.4,1022.6,0954,1019.2,1455,1021.0,10.8,0.2,1200,1.43,6.54,,,,,,9.4,5.6,6.1,1.8,6.7,6.8,6.8,6.7,6.7,7.3,8.5,12.3,15.5,,1.2,5.5,{박무}0215-{박무}{강도0}0300-{시정(미만)}{1km}{안개}0323-{시정(이상)}{1km}{박무}0535-{박무}{강도1}0600-{박무}{강도0}0900-{박무}{강도1}1200-{박무}{강도0}1500-{박무}{강도1}1800-{박무}{강도0}2100-{박무}{강도0}2400- {비}2225-{비}{강도0}2400-,2.2
165,목포,2003-02-11,1.2,-1.6,2327,3.8,1256,,,,,9.23,5.0,19.6,360,1411,13.0,360,1331,8.5,7344,360,-3.6,42,1551,70.8,4.9,1019.1,1026.3,2310,1020.9,0052,1023.8,10.8,8.2,1200,2.53,15.21,,,,,,6.3,3.4,4.6,-1.9,5.0,5.7,6.2,6.5,6.7,7.3,8.5,12.3,15.5,,1.8,0.0,-{비}-{비}{강도0}0300-{비}{강도0}0600-{비}{강도0}0900-0914. -{박무}-{박무}{강도0}0300-{박무}{강도0}0600-{박무}{강도0}0900-0945.,
165,목포,2003-02-12,-1.5,-4.1,2340,1.1,1231,,,,,,,15.3,360,1540,9.7,360,1548,6.9,5962,360,-9.3,40,1647,56.6,3.1,1022.2,1027.9,0947,1025.7,1506,1026.9,10.8,9.8,1200,2.61,17.42,,,,,,2.8,1.8,1.9,-6.8,2.9,3.4,4.4,5.2,7.1,7.8,8.7,12.5,15.3,,2.0,,,
165,목포,2003-02-13,1.5,-4.2,0051,5.5,1328,,,,,,,8.1,340,1613,5.8,320,1424,2.7,2333,320,-5.1,41,1320,62.8,4.3,1022.9,1029.2,1044,1026.3,1527,1027.6,10.9,9.0,1200,2.46,15.53,,,,,,4.0,4.0,3.1,-6.6,3.4,3.6,4.3,4.8,6.6,7.9,9.0,11.9,15.2,,1.8,,,
165,목포,2003-02-14,3.2,-0.6,0656,8.3,1303,,,,,,,5.8,340,1653,4.5,360,1734,1.8,1555,160,-1.2,43,1439,73.3,5.6,1022.7,1029.1,0805,1025.5,2400,1027.4,10.9,8.7,1200,2.25,14.35,,,,,,1.9,0.0,4.7,-4.6,4.4,4.5,4.7,5.0,6.1,7.5,8.8,12.1,15.1,,2.0,,{박무}0615-{박무}{강도0}0900-{박무}{강도0}1200-{박무}{강도0}1500-{박무}{강도0}1800-{박무}{강도0}2100-{박무}{강도0}2400-,
165,목포,2003-02-15,3.7,1.7,0613,5.9,1520,,,,,,,5.7,360,2346,4.4,20,2351,1.7,1469,20,-1.5,51,1337,68.1,5.5,1016.0,1025.8,0009,1017.4,1839,1020.6,10.9,0.0,1200,0.69,3.95,,,,,,9.4,7.6,4.8,1.6,4.6,4.8,5.2,5.5,6.0,7.5,8.7,12.0,15.0,,0.4,,-{박무}-{박무}{강도0}0300-{박무}{강도0}0600-{박무}{강도0}0900-{박무}{강도0}1200-{박무}{강도0}1500-{박무}{강도0}1800-{박무}{강도0}2100-{박무}{강도0}2400-,
165,목포,2003-02-16,3.9,1.4,2356,7.6,1206,,,,,,,10.3,340,1525,7.4,360,1506,4.7,4061,360,-1.3,50,1514,68.6,5.6,1014.8,1022.2,2338,1016.8,0308,1019.4,11.0,5.0,1100,1.77,11.6,,,,,,5.0,3.9,4.8,-0.1,5.3,5.4,5.5,5.7,6.5,7.9,8.9,12.3,15.3,,1.8,,-{박무}-{박무}{강도0}0300-0423. {박무}0742-{박무}{강도0}0900-{박무}{강도0}1200-{박무}{강도0}1500-{박무}{강도0}1800{박무}{강도0}2100-{박무}{강도0}2400-,
165,목포,2003-02-17,3.1,-1.0,0421,9.1,1332,,,,,,,5.2,290,1644,4.3,290,1651,2.0,1728,50,-0.4,46,1441,78.0,5.9,1017.2,1023.8,1057,1020.1,1540,1021.8,11.0,8.4,1300,2.4,15.03,,,,,,1.8,0.0,5.1,-3.1,4.8,5.3,5.3,5.6,6.2,7.8,8.9,12.3,15.0,,2.0,,-{박무}-{박무}{강도0}0300-{박무}{강도0}0600-{박무}{강도0}0900-{박무}{강도0}1200-1438.,
165,목포,2003-02-18,5.3,0.4,0738,10.9,1442,,,,,,,5.5,270,1452,3.9,290,1437,1.7,1469,160,2.3,49,1412,80.4,7.2,1015.0,1021.6,0000,1018.4,1426,1019.6,11.0,7.3,1200,2.38,14.17,,,,,,3.0,0.0,6.4,-2.2,5.7,5.7,5.8,5.7,6.1,7.8,9.0,12.3,15.0,,1.5,,{달무리}0215-0346.   {박무}0430-{박무}{강도0}0600-{박무}{강도0}0900-{박무}{강도0}1200-{박무}{강도0}1500-{박무}{강도0}1800-{박무}{강도0}2100-{박무}{강도0}2400-,
165,목포,2003-02-19,4.1,2.5,2359,6.3,1507,,,,,0.13,0.0,16.5,340,2020,11.2,360,2022,4.8,4147,340,0.1,55,1537,74.5,6.3,1014.1,1019.8,2317,1017.3,1434,1018.6,11.1,2.7,1500,1.73,6.91,,,,,,4.5,4.5,6.1,1.7,5.4,5.8,6.2,6.4,6.6,7.8,8.7,12.1,15.0,,0.6,0.0,-{박무}-{박무}{강도0}0300-{박무}{강도1}0600-{박무}{강도1}0900-{박무}{강도1}1200-{박무}{강도0}1500-1635. {비}1308-1316.,
165,목포,2003-02-20,3.7,-0.6,0657,9.2,1443,,,,,,,9.5,360,0123,7.2,360,0235,3.5,3024,360,-3.5,33,1246,59.9,4.7,1019.7,1026.9,2300,1019.8,0000,1024.3,11.1,9.6,1200,2.57,16.94,,,,,,0.8,0.0,5.5,-3.3,5.3,5.4,5.3,5.6,7.0,8.2,9.0,12.4,14.9,,1.7,,{박무}0645-{박무}{강도0}0900-1144.,
165,목포,2003-02-21,7.7,1.9,0123,11.9,1535,,,,,0.07,0.0,11.5,140,1420,7.0,140,1450,4.0,3456,140,1.8,54,1419,65.1,7.1,1016.4,1026.8,0005,1013.6,2356,1020.9,11.1,1.0,1400,1.87,8.44,,,,,,8.6,5.4,8.0,-0.4,6.0,5.8,5.7,6.0,7.0,8.0,8.8,12.2,14.8,,2.2,8.5,{비}2356-{비}{강도0}2400-,
165,목포,2003-02-22,9.0,4.9,2400,12.3,0721,,,,,16.68,10.5,10.4,140,0106,7.2,140,0138,3.4,2938,200,8.5,77,0000,95.1,11.2,1005.6,1013.8,2357,1007.5,1417,1010.0,11.2,0.0,1600,0.15,0.83,,,,,,10.0,6.6,9.8,4.3,9.3,8.6,7.8,7.3,7.2,8.2,9.0,11.9,14.8,,0.9,2.5,-{비}-{비}{강도0}0300-{비}{강도0}0600-{비}{강도0}0900-1141. {비}1236-{비}{강도0}1500-1736.{박무}0225-{박무}{강도0}0300-{박무}{강도0}0600-{박무}{강도1}0900-{시정(미만)}{1km}{안개}1018-{시정(미만)}{0.5km}{안개}1025-{시정(이상)}{0.5km}{안개}1051-{시정(이상)}{1km}{박무}1056-{박무}{강도0}1200-{시정(미만)}{1km}{안개}1248-{시정(이상)}{1km}{박무}1420-{시정(미만)}{1km}{안개}1441-{안개}{강도0}1500-{시정(미만)}{0.5km}{안개}1518-{시정(이상)}{0.5km}{안개}1537-{시정(이상)}{1km}{박무}1556-{박무}{강도0}1800-{박무}{강도0}2100-{박무}{강도2}2400-,3.42
165,목포,2003-02-23,4.9,4.5,2211,5.7,1324,,,,,18.68,4.5,5.1,290,0017,3.8,290,0026,1.7,1469,270,4.7,96,1349,96.6,8.5,1010.8,1016.7,0933,1013.8,0000,1015.3,11.2,0.0,1300,0.4,2.13,,,,,,10.0,7.4,7.3,4.1,6.9,7.2,7.3,7.3,7.8,8.2,8.7,11.7,14.9,,0.1,4.4,-{박무}-{박무}{강도1}0300-{박무}{강도2}0600-{박무}{강도1}0900-{박무}{강도0}1200-{박무}{강도2}1500-{박무}{강도1}1800-{박무}{강도0}2100-{박무}{강도0}2400-{비}0519-{비}{강도0}0600-{비}{강도0}0900-{비}{강도0}1200-{비}{강도0}1500-{비}{강도0}1800-{비}{강도0}2100-{비}{강도0}2400-,
165,목포,2003-02-24,4.3,2.0,2301,7.9,1336,,,,,2.38,0.4,9.5,360,1417,7.5,360,1433,5.0,4320,360,1.1,60,1452,78.6,6.6,1015.1,1023.0,2336,1015.7,0030,1019.7,11.2,4.1,1300,2.18,11.57,,,,,,6.1,5.4,7.7,0.0,6.7,7.0,7.1,7.1,8.0,8.6,9.1,12.0,15.0,,1.8,,-{비}-0223.-{박무}-{박무}{강도0}0300-{박무}{강도0}0600-{박무}{강도0}0900-0942.,
165,목포,2003-02-25,5.1,0.6,0623,10.4,1408,,,,,,,5.6,20,1808,3.9,20,1834,1.9,1642,50,0.9,45,1403,74.5,6.5,1018.1,1025.5,0859,1020.9,1623,1022.8,11.3,9.4,1200,2.71,17.71,,,,,,3.0,2.4,8.6,-1.9,6.6,6.7,6.8,7.1,7.8,8.5,9.1,12.0,15.0,,1.7,,{박무}0633-{박무}{강도0}0900-{박무}{강도0}1200-{박무}{강도0}1500-{박무}{강도0}1800-1934.,
165,목포,2003-02-26,6.1,3.1,2330,10.7,1411,,,,,0.17,0.1,9.8,320,2217,7.3,360,2014,3.0,2592,360,2.5,32,1543,77.4,7.3,1017.3,1024.2,2315,1020.5,0416,1021.9,11.3,2.1,1400,1.77,8.97,,,,,,7.6,3.6,9.0,2.5,7.9,7.8,7.8,7.7,7.9,8.6,9.5,11.7,14.6,,1.9,0.1,{박무}0523-{박무}{강도0}0600-{박무}{강도0}0900-{박무}{강도0}1200-1241. {박무}2021-{박무}{강도0}2100-{박무}{강도0}2400- {비}0908-0918.,
165,목포,2003-02-27,5.6,-0.1,0652,12.3,1435,,,,,,,8.6,320,0013,6.3,360,0017,2.3,1987,50,1.7,52,1324,76.1,6.9,1021.4,1028.0,2134,1024.0,0004,1026.1,11.4,8.6,1200,2.57,16.5,,,,,,3.4,1.9,8.8,-2.9,7.5,7.8,7.7,7.7,8.0,8.6,9.0,11.7,14.5,,2.0,,-{박무}-{박무}{강도0}0300-{박무}{강도0}0600-{박무}{강도1}0900-{박무}{강도0}1200-{박무}{강도0}1500-{박무}{강도0}1800-{박무}{강도0}2100-{박무}{강도0}2400-,
165,목포,2003-02-28,7.1,3.1,0703,11.1,1353,,,,,1.82,0.1,8.7,140,0104,6.1,140,0105,2.7,2333,140,-0.5,36,1324,58.3,5.9,1017.5,1027.7,0003,1015.3,2359,1022.1,11.4,4.0,1200,1.93,11.13,,,,,,6.4,4.3,7.9,1.6,7.3,7.3,7.4,7.6,8.5,9.0,9.4,12.2,14.8,,2.1,11.1,-{박무}-{박무}{강도0}0300-0326.{비}2211-{비}{강도0}2400-,
165,목포,2003-03-01,5.5,4.4,2351,9.0,1545,,,,,10.2,12.0,12.6,360,1623,10.1,360,1632,4.9,4234,360,3.3,67,0018,84.4,7.8,1008.1,1017.4,2352,1010.0,0725,1012.7,11.4,2.9,1400,2.37,10.14,,,,,,8.1,5.6,9.1,3.1,8.8,8.5,8.0,7.7,8.8,9.3,9.4,12.2,14.8,,1.5,1.0,-{비}-{비}{강도0}0300-{비}{강도0}0600-{비}{강도0}0900-1012.,
165,목포,2003-03-02,5.9,2.0,0634,9.9,1432,,,,,2.75,4.0,8.5,250,1448,5.5,230,1453,2.6,2246,180,1.8,40,1531,74.5,7.0,1008.7,1018.3,0922,1008.3,2210,1013.3,11.4,3.6,1200,2.19,11.99,,,,,,6.6,3.0,7.9,-1.5,7.3,7.5,7.7,7.7,8.5,9.1,9.4,12.1,14.8,,2.2,9.0,{박무}0714-{박무}{강도0}0900-{박무}{강도0}1200-1241.{비}2115-{비}{강도0}2400-,
165,목포,2003-03-03,2.0,-1.0,2010,6.6,0058,,,,,6.7,5.0,16.0,360,1319,12.3,360,1051,8.0,6912,360,-3.2,44,1450,69.4,5.2,1008.2,1019.9,2310,1005.3,0351,1012.9,11.5,4.8,1200,2.89,13.54,,,,,,7.3,5.3,6.0,-1.2,6.0,6.9,7.4,7.7,8.5,9.0,9.5,12.0,14.8,,0.6,,-{비}-{비}{강도0}0300-{비}{강도0}0600-0642.,
165,목포,2003-03-04,0.3,-2.5,0731,3.6,1234,,,,,,,13.3,360,0008,8.9,20,0148,4.6,3974,20,-6.8,46,1146,59.1,3.7,1018.9,1025.7,2400,1019.8,0002,1023.6,11.5,5.3,1100,2.25,14.42,,,,,,6.5,5.3,2.9,-3.0,3.7,4.4,5.2,6.1,8.1,9.2,9.9,12.2,14.5,,2.4,,,
165,목포,2003-03-05,3.4,-1.0,0158,7.1,1514,,,,,4.1,4.5,7.2,140,2053,3.9,140,1647,1.6,1382,70,-2.9,49,0950,63.6,5.1,1020.3,1028.0,1149,1022.0,2349,1025.0,11.6,0.0,1000,1.07,5.34,,,,,,10.0,5.8,5.1,-1.3,3.9,4.3,5.1,5.8,7.6,8.8,9.5,11.7,14.5,,0.8,17.5,{비}1834-1852. {비}2012-{비}{강도0}2100-{비}{강도0}2400-,
165,목포,2003-03-06,3.3,1.3,0742,5.1,1500,,,,,23.75,19.5,7.6,20,1616,6.0,20,1614,2.9,2506,50,2.6,88,0010,93.5,7.4,1011.7,1022.4,0018,1012.7,1654,1016.3,11.6,0.0,1300,0.51,3.15,,,,,,10.0,5.9,5.4,1.1,4.9,5.2,5.4,6.0,7.1,8.4,9.2,11.8,14.5,,0.7,6.9,-{비}-{비}{강도0}0300-{비}{강도0}0600-{비}{강도0}0900-{비}{강도0}1200-{비}{강도0}1500-{비}{강도0}1800-{비}{강도0}2100-2345.,
165,목포,2003-03-07,3.7,3.0,1523,4.5,1124,,,,,3.77,0.5,12.7,360,1851,8.5,340,1702,5.9,5098,340,0.2,60,1917,77.5,6.3,1012.8,1021.3,2352,1013.9,0404,1017.4,11.6,0.0,1100,1.07,3.82,,,,,,10.0,5.8,4.7,2.3,4.7,5.1,5.6,5.9,6.7,8.3,9.3,11.6,14.3,,0.4,0.1,{비}0725-{비}{강도0}0900-1045. {비}1416-1442.,
165,목포,2003-03-08,3.7,2.6,0714,6.4,1353,,,,,,0.0,12.2,360,1342,8.5,360,1347,4.9,4234,360,-2.2,40,1335,64.3,5.2,1019.9,1027.4,2218,1021.2,0003,1024.5,11.7,4.1,1300,2.46,12.23,,,,,,6.8,6.8,5.3,1.8,4.9,4.8,5.6,6.1,7.2,8.7,9.7,12.0,14.5,,2.1,,{박무}0615-{박무}{강도0}0900-0942.,
165,목포,2003-03-09,4.2,-0.3,0658,9.7,1459,,,,,,,8.6,20,2008,6.4,360,1817,3.3,2851,360,-1.7,40,1334,65.8,5.4,1025.0,1030.9,1014,1027.2,0117,1029.7,11.7,9.5,1200,2.76,18.26,,,,,,2.4,1.5,7.1,-1.6,5.9,5.8,5.7,6.0,6.9,8.3,9.2,11.7,14.3,,1.7,,,
165,목포,2003-03-10,5.1,1.3,0230,11.4,1411,,,,,,,9.2,340,1711,6.9,360,1708,2.6,2246,20,-1.3,33,1340,64.3,5.6,1027.4,1034.3,2318,1030.6,0340,1032.0,11.7,9.9,1200,2.95,19.59,,,,,,2.9,0.9,8.1,-1.6,6.9,7.0,6.9,6.8,7.0,8.3,9.5,11.8,14.6,,2.0,,{박무}0718-{박무}{강도0}0900-1016.,
165,목포,2003-03-11,6.4,1.4,0709,11.5,1508,,,,,,,5.7,200,1234,3.9,160,1022,2.3,1987,160,-1.9,21,1544,57.6,5.4,1029.5,1035.5,2204,1032.5,1707,1034.1,11.8,10.1,1200,3.04,19.97,,,,,,3.3,0.3,8.7,-1.2,7.2,7.3,7.2,7.2,7.3,8.3,9.0,11.7,14.5,,2.1,,,
165,목포,2003-03-12,7.4,3.3,0705,12.4,1536,,,,,,,7.6,340,1636,6.2,360,1641,2.8,2419,140,-1.2,38,1416,53.9,5.6,1029.4,1035.7,0807,1032.2,1534,1034.0,11.8,6.4,1100,2.67,17.24,,,,,,4.5,3.1,9.3,0.3,8.2,7.9,7.9,7.8,7.8,8.7,9.4,12.2,14.6,,2.6,,,
165,목포,2003-03-13,5.8,1.8,0653,11.0,1347,,,,,,,8.9,360,1533,7.2,360,1552,3.4,2938,360,-0.1,40,1304,66.1,6.1,1027.5,1034.3,0755,1029.7,1710,1032.1,11.9,10.5,1100,2.51,18.8,,,,,,2.5,0.0,8.7,-0.9,7.5,7.9,8.0,8.0,8.2,8.8,9.4,12.0,14.3,,2.8,,,
165,목포,2003-03-14,3.5,0.0,0531,8.6,1350,,,,,7.4,3.0,6.0,360,1608,4.9,360,1613,2.5,2160,360,0.4,54,1310,79.9,6.3,1022.0,1031.1,0000,1024.0,1735,1026.7,11.9,1.6,1100,2.04,10.44,,,,,,7.1,5.6,6.4,-2.3,6.4,6.9,7.3,7.7,8.3,9.0,9.5,12.0,14.3,,1.4,5.5,{박무}0818-{박무}{강도0}0900-1123. {비}1636-{비}{강도0}1800-{비}{강도0}2100-{비}{강도0}2400-,
165,목포,2003-03-15,5.5,1.2,0035,9.0,1529,,,,,5.7,2.5,3.8,360,1303,2.6,360,1308,1.4,1210,50,3.6,71,1529,86.4,7.9,1016.4,1024.1,0000,1019.6,1754,1021.0,11.9,0.2,1200,1.65,8.67,,,,,,9.8,6.9,8.2,0.8,7.5,7.5,7.5,7.6,8.3,8.8,9.4,11.7,14.2,,0.8,6.0,-{비}-{비}{강도0}0300-0542.  {박무}0525-{박무}{강도0}0600-{박무}{강도0}0900-{박무}{강도0}1200-{박무}{강도0}1500-{박무}{강도0}1800-{박무}{강도0}2100-{박무}{강도0}2400-,
165,목포,2003-03-16,7.7,5.1,2303,9.6,0518,,,,,16.12,9.0,7.9,360,2107,5.8,360,2112,3.0,2592,140,6.3,74,0418,89.6,9.6,1011.6,1020.3,0005,1012.5,1619,1016.1,12.0,0.0,1400,0.56,3.13,,,,,,10.0,6.3,9.7,4.8,8.6,8.6,8.4,8.3,8.5,9.1,9.5,11.7,14.2,,0.5,3.0,-{박무}-{박무}{강도0}0300-{박무}{강도0}0600-{박무}{강도0}0900-{박무}{강도0}1200-1342. {박무}1745-{박무}{강도0}1800-{박무}{강도0}2100-{박무}{강도0}2400-{비}0531-{비}{강도0}0600-{비}{강도0}0900-{비}{강도0}1200-{비}{강도0}1500-{비}{강도0}1800-{비}{강도0}2100-2138.,
165,목포,2003-03-17,5.0,4.1,0233,7.2,1440,,,,,,,10.3,360,0429,7.7,360,0434,5.7,4925,360,2.2,68,1502,80.6,7.1,1016.6,1023.8,2325,1017.9,0003,1021.2,12.0,1.0,1500,1.93,9.85,,,,,,7.8,3.9,8.1,3.8,7.7,7.8,7.9,7.9,8.8,9.1,9.5,11.7,14.2,,2.0,,-{박무}-{박무}{강도0}0300-{박무}{강도0}0600-0817.,
165,목포,2003-03-18,5.7,1.7,0638,10.6,1150,,,,,,,10.9,340,1634,7.9,340,1347,4.5,3888,20,0.8,40,1634,71.1,6.5,1019.3,1025.8,0941,1022.5,1630,1023.9,12.0,10.8,1200,3.13,22.06,,,,,,2.4,0.0,9.2,0.1,7.7,7.2,7.8,8.0,8.4,9.0,9.4,11.9,14.2,,2.0,,{박무}0642-{박무}{강도0}0900-1030,
165,목포,2003-03-19,5.8,1.6,2400,11.8,1341,,,,,,,7.7,290,1528,6.1,290,1515,3.2,2765,20,0.3,29,1442,68.6,6.3,1018.3,1024.2,0034,1021.6,1645,1022.9,12.1,9.7,1300,2.94,19.23,,,,,,3.3,0.0,9.2,-1.4,7.8,8.0,8.2,8.2,8.7,9.3,9.6,11.6,14.0,,2.3,,{햇무리}0926-1435.,
165,목포,2003-03-20,6.8,0.2,0648,13.0,1410,,,,,,,5.5,270,1308,4.1,320,1540,2.0,1728,50,-0.7,31,1212,60.5,5.9,1018.1,1023.7,2301,1021.1,1601,1022.7,12.1,10.9,1200,3.09,21.5,,,,,,1.9,0.0,9.7,-1.9,8.8,8.1,8.3,8.4,9.2,9.6,10.0,12.0,14.1,,2.7,,,
165,목포,2003-03-21,9.2,4.4,0659,15.1,1258,,,,,4.25,8.5,11.4,180,1344,7.3,180,1353,3.0,2592,140,1.1,26,1305,60.8,6.7,1018.0,1024.4,0831,1019.8,1906,1022.6,12.1,8.7,1200,3.21,19.99,,,,,,4.6,2.5,11.0,1.8,8.6,8.5,8.7,8.9,9.3,9.5,10.0,12.0,14.1,,2.5,9.0,{비}1945-{비}{강도0}2100-{비}{강도0}2400-,
165,목포,2003-03-22,8.1,4.2,0630,13.0,1431,,,,,1.1,0.5,8.6,290,1318,6.2,290,1325,2.7,2333,360,3.1,41,1453,71.8,7.6,1021.4,1027.9,2337,1023.8,0000,1026.0,12.2,10.8,1200,2.94,21.69,,,,,,0.4,0.0,11.6,2.0,10.7,10.1,9.8,9.6,9.5,9.8,9.8,12.0,14.2,,2.8,,-{비}-0106. {박무}0623-{박무}{강도0}0900-1036.,
165,목포,2003-03-23,9.0,4.9,0621,13.4,1618,,,,,,,5.0,270,1556,3.6,250,1355,1.5,1296,160,3.2,38,1341,67.8,7.7,1019.6,1027.6,0000,1021.7,2323,1024.1,12.2,4.5,1200,2.36,15.53,,,,,,5.5,0.0,11.3,2.6,10.0,10.0,9.8,9.6,9.8,9.8,10.0,11.7,14.0,,2.5,,{박무}0645-{박무}{강도0}0900-1134.,
165,목포,2003-03-24,10.0,6.1,0205,14.5,1317,,,,,,,5.9,270,1334,4.1,270,1341,1.5,1296,250,5.7,51,1318,73.9,9.2,1014.0,1021.8,0000,1016.5,1621,1018.5,12.3,6.5,1300,2.96,18.02,,,,,,6.4,4.0,12.9,5.6,12.2,11.7,10.7,10.3,10.1,10.0,10.0,11.7,14.0,,2.2,,{박무}1845-{박무}{강도0}2100-{박무}{강도0}2400-,
165,목포,2003-03-25,8.2,5.2,2140,12.0,1403,,,,,,,7.4,340,0555,5.2,320,1511,3.0,2592,340,5.6,59,1237,83.0,9.1,1015.8,1022.8,2348,1018.0,0340,1020.3,12.3,5.9,1200,2.34,16.26,,,,,,4.3,4.3,12.5,2.7,11.8,11.7,11.2,10.9,10.4,10.3,10.3,11.7,14.0,,2.2,,-{박무}-{박무}{강도1}0300-{박무}{강도0}0600-{박무}{강도0}0900-{박무}{강도0}1200-{박무}{강도0}1500-{박무}{강도0}1800-{박무}{강도0}2100-{박무}{강도0}2400-,
165,목포,2003-03-26,11.1,4.0,0624,17.6,1418,,,,,,,9.2,140,2152,6.2,140,2251,3.3,2851,160,4.7,35,1352,67.3,8.6,1013.6,1023.2,0030,1012.9,2333,1018.1,12.3,9.1,1200,2.88,20.08,,,,,,1.8,0.0,13.1,3.3,11.4,11.3,10.9,10.7,10.3,10.3,10.8,11.8,14.0,,2.7,6.0,-{박무}-{박무}{강도0}0300-{박무}{강도0}0600-{박무}{강도2}0900-{박무}{강도0}1200-{박무}{강도0}1500-{박무}{강도0}1800-{박무}{강도0}2100-{박무}{강도0}2400-,
165,목포,2003-03-27,8.1,5.2,1940,13.0,0015,,,,,5.73,6.0,16.9,340,1657,10.2,360,1702,5.5,4752,340,3.0,39,1415,70.8,7.9,1010.6,1018.2,2116,1010.7,0329,1015.2,12.4,7.2,1200,2.98,17.48,,,,,,5.0,3.5,11.2,4.7,10.7,11.0,11.1,11.1,10.8,10.7,10.5,11.7,14.0,,2.1,0.0,-{박무}-{박무}{강도0}0300-{박무}{강도0}0600-{박무}{강도2}0900-{박무}{강도0}1200-{박무}{강도0}1500-1635.{비}0350-{비}{강도0}0600-{비}{강도0}0900-0934. {황사}1232-{황사}{강도0}1500-1625.,
165,목포,2003-03-28,6.0,3.6,0645,9.4,1411,,,,,,,7.9,360,1248,5.4,360,1230,3.5,3024,340,-0.3,45,1737,63.4,6.0,1010.9,1017.8,0255,1013.0,1921,1015.4,12.4,7.4,1200,2.84,18.14,,,,,,3.6,1.4,9.4,2.8,9.2,9.7,10.0,10.3,11.2,11.2,10.8,12.2,14.0,,2.6,,{햇무리}1042-1218. {햇무리}1345-1440.,
165,목포,2003-03-29,7.7,2.1,0558,13.7,1535,,,,,,,5.7,270,1331,4.4,290,1437,2.2,1901,340,-0.6,25,1426,57.3,5.9,1009.8,1016.2,1045,1013.3,1744,1014.4,12.4,10.1,1200,3.18,22.7,,,,,,0.6,0.0,10.5,-1.3,9.7,9.4,9.5,9.7,11.4,10.8,10.6,12.0,14.0,,3.2,,,
165,목포,2003-03-30,13.7,7.1,0000,18.8,1411,,,,,,,8.9,180,1136,6.8,160,1145,4.0,3456,160,5.2,27,1247,57.6,9.1,1009.0,1014.8,0836,1012.4,1801,1013.4,12.5,9.6,1200,2.98,21.11,,,,,,2.6,2.6,14.1,5.0,12.5,11.4,10.7,10.6,11.2,11.3,11.0,12.3,14.0,,3.0,,,
165,목포,2003-03-31,16.6,15.8,0000,17.2,0946,,,,,7.83,0.3,8.9,180,0052,5.7,160,0442,3.2,2765,140,14.6,65,0001,87.5,16.8,1005.3,1012.7,0000,1007.6,2326,1009.7,12.5,0.0,1100,0.57,3.94,,,,,,9.5,6.8,16.4,10.7,14.8,13.7,12.7,12.1,11.7,11.4,11.2,12.5,13.9,,0.8,0.3,{박무}0938-{박무}{강도1}1200-{박무}{강도1}1500-{박무}{강도2}1800-{박무}{강도1}2100-{박무}{강도0}2400-{비}1046-{비}{강도0}1200-{비}{강도0}1500-{비}{강도0}1800-1836.,
165,목포,2003-04-01,16.9,14.0,2330,21.2,1531,,,,,,,11.9,90,1000,5.7,140,0528,2.2,1901,140,6.6,27,1124,53.5,10.2,1004.9,1011.0,2341,1007.3,0354,1009.3,12.5,3.5,1000,2.85,15.47,,,,,,8.0,7.1,17.4,11.0,15.6,14.9,14.1,13.2,12.2,11.5,11.2,12.4,14.0,3.0,4.1,,-{박무}-{박무}{강도0}0300-0525.,
165,목포,2003-04-02,13.7,10.9,2354,17.9,1401,,,,,,,5.0,140,0212,3.6,140,0217,1.6,1382,270,3.4,27,0205,49.6,7.8,1006.7,1013.9,2353,1009.4,1440,1011.2,12.6,1.8,1300,1.97,12.66,,,,,,7.9,5.3,14.5,7.6,14.5,14.3,13.7,13.2,12.7,11.5,11.0,12.0,14.0,2.3,3.1,,,
165,목포,2003-04-03,12.0,7.6,0406,17.0,1331,,,,,,,7.1,270,1440,5.5,250,1442,1.8,1555,50,3.0,29,0940,56.3,7.7,1009.1,1015.0,1009,1012.0,1419,1013.5,12.6,8.6,1300,3.1,20.94,,,,,,4.5,3.0,14.5,4.7,13.8,13.1,13.0,12.9,12.9,11.8,11.3,11.9,13.8,2.9,4.1,0.0,,
165,목포,2003-04-04,10.8,7.2,2400,15.2,1202,0.0,,0.0,,2.52,0.0,6.6,360,1316,4.9,360,1418,2.4,2074,360,5.6,42,1446,70.8,9.2,1009.1,1015.7,2341,1011.9,1518,1013.5,12.6,3.0,1200,2.87,16.02,,,,,,5.9,4.9,13.9,6.4,13.4,13.4,13.2,12.9,13.0,12.0,11.3,11.9,13.8,2.1,3.0,0.0,{비}0355-0415. {비}0545-{비}{강도0}0600-0649. {비}0805-{비}{강도0}0900-0912.{박무}0803-{박무}{강도0}0900-{박무}{강도0}1200-1225.,
165,목포,2003-04-05,10.5,5.9,0511,17.4,1421,,,,,,,8.1,320,1434,5.5,340,1443,2.0,1728,340,4.0,21,1443,67.1,8.3,1012.4,1018.8,2357,1015.2,0421,1016.9,12.7,11.3,1200,3.25,23.74,,,,,,0.0,0.0,13.7,3.2,13.4,12.8,12.7,12.8,13.3,12.3,11.8,12.3,14.0,2.4,3.7,,{박무}0640-{박무}{강도0}0900-0945.,
165,목포,2003-04-06,11.8,6.6,0620,19.0,1426,,,,,,,5.5,360,1422,4.4,320,1526,1.3,1123,320,3.5,21,1420,59.6,7.9,1014.3,1020.1,1009,1017.3,1714,1018.8,12.7,10.6,1200,3.26,22.92,,,,,,1.5,0.0,14.2,2.0,13.6,13.2,12.8,12.8,13.1,12.2,12.0,11.9,13.8,3.0,4.4,,{박무}0415-{박무}{강도0}0600-{박무}{강도0}0900-1143.,
165,목포,2003-04-07,11.1,7.2,0624,15.1,1224,1.5,1737,5.5,1651,11.33,25.2,8.8,250,2400,4.6,250,2400,2.1,1814,140,6.8,39,1037,75.8,10.2,1006.9,1019.0,0000,1002.8,2349,1011.4,12.8,0.3,1000,1.37,6.08,,,,,,7.6,3.5,11.7,3.7,11.9,11.2,12.0,12.5,13.2,12.2,12.2,12.0,13.8,1.3,1.7,25.2,{비}1240-{비}{강도0}1500-{비}{강도1}1800-{비}{강도0}2100-{비}{강도0}2400-{박무}1225-{박무}{강도0}1500-{박무}{강도0}1800-{박무}{강도1}2100-{박무}{강도1}2400-,
165,목포,2003-04-08,8.7,7.6,2347,11.3,0000,0.0,,0.0,,1.38,0.0,11.3,200,0021,7.3,230,0029,3.9,3370,290,6.5,70,1340,84.4,9.7,1008.6,1019.5,2337,1002.7,0015,1013.1,12.8,0.8,1000,1.97,8.19,,,,,,9.1,6.5,11.2,7.1,11.5,11.5,11.8,12.1,12.7,12.6,12.0,12.0,13.7,1.4,2.0,,-{비}-0123.-{박무}-{박무}{강도0}0300-{박무}{강도0}0600-{박무}{강도0}0900-{박무}{강도0}1200-1315. {박무}1437-{박무}{강도0}1500-{박무}{강도0}1800-{박무}{강도0}2100-{박무}{강도0}2400-,
165,목포,2003-04-09,8.5,5.7,2358,12.5,1314,,,,,,,10.7,360,1201,6.1,360,1240,3.3,2851,360,2.5,35,1222,66.5,7.4,1017.3,1025.3,2258,1018.9,0400,1021.8,12.8,10.9,1200,3.42,25.18,,,,,,2.6,1.1,12.6,3.0,12.1,11.8,11.7,11.7,12.4,12.4,12.0,12.1,13.8,2.1,3.2,,-{박무}-{박무}{강도0}0300-0542.,
165,목포,2003-04-10,10.9,5.0,0330,15.8,1401,0.0,,0.0,,0.75,0.0,8.1,180,1424,5.2,160,1103,2.9,2506,140,3.1,33,1947,59.8,7.7,1019.3,1026.6,0902,1020.6,2355,1023.8,12.9,9.3,1200,3.19,22.72,,,,,,4.5,2.8,13.3,2.8,12.4,11.8,11.7,11.8,12.3,12.2,12.3,12.1,13.7,2.6,3.5,12.0,{햇무리}1305-1348.{햇무리}1538-1735. {비}2315-{비}{강도0}2400-,
165,목포,2003-04-11,11.6,8.8,0428,15.5,1417,1.0,514,3.0,437,16.23,15.5,5.8,140,1130,4.0,140,1207,2.2,1901,140,10.8,58,0000,93.4,13.1,1007.8,1020.6,0000,1009.4,1355,1012.2,12.9,0.0,1100,0.63,4.39,,,,,,10.0,5.9,13.4,8.7,12.7,12.1,12.1,12.1,12.7,12.5,12.4,12.3,13.8,1.4,2.1,3.5,-{비}-{비}{강도0}0300-{비}{강도0}0600-{비}{강도0}0900-{비}{강도0}1200-{비}{강도0}1500-1614.{박무}0235-{박무}{강도0}0300-{박무}{강도0}0600-{박무}{강도0}0900-{박무}{강도0}1200-{박무}{강도0}1500-{박무}{강도0}1800-{박무}{강도0}2100-{박무}{강도0}2400-,
165,목포,2003-04-12,10.4,9.0,0346,13.6,1516,0.0,,0.0,,0.33,0.0,6.7,320,1817,4.2,320,1817,2.2,1901,290,8.9,71,1458,89.5,11.4,1006.8,1013.6,2233,1009.2,1650,1011.3,12.9,3.9,1400,2.93,14.19,,,,,,9.0,4.5,15.3,8.8,13.9,13.2,12.8,12.4,12.6,12.4,12.1,12.3,13.7,1.4,2.0,,-{박무}-{시정(미만)}{1km}{안개}0045-{시정(이상)}{1km}{박무}0215-{박무}{강도2}0300-{박무}{강도0}0600-0850. {비}0001-0004. {비}0825-0842. {박무}1920-{박무}{강도0}2100-{박무}{강도0}2400-,1.5
165,목포,2003-04-13,11.8,7.9,0443,16.8,1337,,,,,,,6.8,340,1515,5.4,320,1502,2.1,1814,320,7.6,38,1332,75.8,10.4,1009.6,1015.5,2119,1011.9,0406,1014.0,13.0,9.7,1200,3.23,23.58,,,,,,4.6,1.8,15.9,6.8,14.5,14.2,13.6,13.3,13.0,12.9,12.6,12.5,13.8,2.1,3.3,,-{박무}-{시정(미만)}{1km}{안개}0025-{시정(이상)}{1km}{박무}0142-{박무}{강도0}0300-{박무}{강도1}0600-{박무}{강도0}0900-{박무}{강도0}1200-{박무}{강도0}1500-1645.,1.28
165,목포,2003-04-14,13.1,9.6,2232,18.1,1516,,,,,,,6.7,320,1355,5.4,320,1428,2.0,1728,320,4.9,26,1604,60.6,8.8,1010.7,1016.2,2348,1013.8,1533,1015.1,13.0,9.5,1300,3.2,22.93,,,,,,4.5,0.5,16.2,6.1,15.0,14.7,14.0,13.7,13.3,12.7,12.4,12.3,13.8,2.8,4.0,,{박무}0817-{박무}{강도0}0900-1138.{햇무리}1218-1243.,
165,목포,2003-04-15,13.4,7.3,0629,20.3,1351,,,,,,,6.7,320,1433,5.3,320,1520,1.7,1469,320,2.3,16,1156,51.1,7.4,1014.6,1021.9,2210,1016.2,0000,1019.1,13.0,11.6,1200,3.35,25.3,,,,,,0.0,0.0,15.5,4.1,14.7,14.1,13.9,13.8,13.9,12.7,12.3,12.3,13.8,3.1,5.0,,,
165,목포,2003-04-16,15.8,9.0,0524,21.9,1507,,,,,,,9.5,180,1312,5.2,180,1256,2.7,2333,160,4.5,13,1422,53.3,8.9,1016.8,1023.0,0946,1019.7,0223,1021.2,13.1,12.0,1200,3.48,26.65,,,,,,0.0,0.0,16.6,6.3,15.4,14.5,14.4,14.2,14.0,13.2,12.4,12.5,13.7,3.2,5.1,,,
165,목포,2003-04-17,18.9,14.1,0207,23.9,1557,,,,,,,8.6,180,1411,5.9,180,1503,3.5,3024,160,13.1,42,1558,69.6,15.2,1014.5,1021.2,0000,1016.4,1804,1018.8,13.1,9.0,1200,3.18,23.18,,,,,,3.4,1.0,19.4,12.8,18.3,16.9,15.9,15.2,14.5,13.7,12.8,12.9,13.7,3.0,4.7,,,
165,목포,2003-04-18,17.6,12.5,2330,20.7,1038,5.0,1606,7.5,1526,11.48,22.0,12.8,180,1656,8.0,230,1912,4.1,3542,160,15.6,74,1041,87.4,17.9,1007.1,1018.0,0000,1007.2,1753,1011.5,13.1,0.0,1000,1.23,6.18,,,,,,9.6,5.1,18.6,11.6,17.9,17.4,16.7,16.0,15.0,13.7,12.8,12.8,13.6,0.1,0.3,22.0,{비}1152-1158. {비}1225-{비}{강도0}1500-{비}{강도0}1800-{비}{강도0}2100-2348. {천둥}{강도0}(NW)1211-1213. {뇌전}{강도0}(NE 4~6)1610-1617.,
165,목포,2003-04-19,10.4,9.1,0636,12.5,0000,1.5,1911,3.0,1830,8.27,12.0,6.1,270,0058,4.3,290,0105,2.1,1814,340,9.1,78,1242,90.8,11.6,1006.5,1012.5,2054,1008.9,0326,1011.0,13.2,0.0,1200,1.23,6.22,,,,,,10.0,6.0,14.3,8.9,14.2,14.8,15.1,15.4,15.5,14.2,13.2,13.0,14.0,0.3,0.4,25.8,{비}0015-0034. {비}1518-{비}{강도0}1800-{비}{강도0}2100-2315.{박무}0315-{박무}{강도0}0600-0726.,
165,목포,2003-04-20,10.1,9.2,2351,11.9,1652,1.5,258,5.5,222,10.07,14.3,6.9,320,1715,5.0,320,1716,2.4,2074,320,8.5,72,1655,88.5,11.1,1010.9,1020.5,2356,1010.8,0340,1015.4,13.2,0.8,1600,1.62,7.61,,,,,,9.0,6.6,12.4,8.7,13.0,13.3,13.4,13.9,15.0,14.7,13.4,12.7,13.9,0.3,0.5,0.5,{비}0030-{비}{강도0}0300-{비}{강도0}0600-{비}{강도0}0900-1034. {박무}2015-{박무}{강도0}2100-{박무}{강도0}2400-,
165,목포,2003-04-21,12.2,8.5,0435,16.5,1411,,,,,,,7.1,20,1444,4.7,20,1449,3.1,2678,20,6.5,45,1121,67.6,9.7,1018.7,1026.0,2235,1020.4,0053,1023.2,13.3,11.9,1200,3.52,27.35,,,,,,0.6,0.6,15.0,7.7,14.6,14.2,13.4,13.3,14.2,14.2,13.4,12.7,13.7,3.0,4.2,,-{박무}-{박무}{강도0}0300-0332.,
165,목포,2003-04-22,13.2,9.8,0619,16.9,1452,0.1,,0.2,,1.58,0.2,6.0,140,1241,3.6,180,1250,1.9,1642,140,6.1,44,1242,61.8,9.5,1016.7,1025.6,0000,1017.6,2344,1021.1,13.3,1.6,1200,2.58,14.93,,,,,,7.8,4.3,14.2,8.6,15.2,14.4,14.2,14.1,14.2,13.7,13.5,12.7,13.7,0.1,0.2,10.7,{비}1752-{비}{강도0}1800-1815. {비}2232-2344.,
165,목포,2003-04-23,12.8,10.5,2228,14.5,1103,2.0,632,7.0,617,13.98,24.0,5.4,360,2045,4.2,360,1739,2.0,1728,360,11.9,70,0036,92.9,14.0,1008.8,1017.6,0000,1011.6,1524,1013.2,13.3,0.0,1200,0.28,1.94,,,,,,10.0,6.5,12.1,10.2,14.1,14.1,14.2,14.3,14.6,14.2,13.6,12.8,13.7,1.2,1.7,15.0,{비}0253-{비}{강도0}0300-{비}{강도0}0600-{비}{강도0}0900-{비}{강도0}1200-{비}{강도0}1500-1632. {비}2340-{비}{강도0}2400-{박무}0538-{박무}{강도0}0600-{박무}{강도0}0900-{박무}{강도0}1200-{박무}{강도0}1500-1621.{박무}1732-{박무}{강도0}1800-{박무}{강도0}2100-{박무}{강도0}2400-,
165,목포,2003-04-24,11.7,10.3,0237,14.9,1120,1.1,2348,4.5,2321,12.37,9.5,4.4,20,0100,3.5,20,0411,2.2,1901,20,10.4,76,1114,90.8,12.7,1008.5,1015.1,0911,1009.7,2357,1013.0,13.3,0.2,1100,1.7,8.48,,,,,,9.9,4.3,11.5,8.8,14.1,13.9,13.9,14.0,14.4,14.2,13.4,12.8,13.9,0.2,0.3,24.5,-{비}-0242. {비}0612-0635. {비}1228-{비}{강도0}1500-1531. {비}1729-1758. {비}1815-{비}{강도0}2100-{비}{강도0}2400--{박무}-{박무}{강도0}0300-{박무}{강도0}0600-{박무}{강도0}0900-{박무}{강도0}1200-{박무}{강도0}1500-{박무}{강도0}1800-{박무}{강도0}2100-{박무}{강도1}2400-,
165,목포,2003-04-25,11.8,10.9,0325,13.2,1033,2.5,826,12.0,826,14.78,32.0,9.5,320,1713,5.6,320,1719,2.7,2333,360,11.0,89,1909,93.5,13.2,1001.9,1010.8,2357,1003.3,1505,1006.3,13.4,0.0,1500,0.85,3.46,,,,,,9.5,5.4,12.0,10.1,13.8,14.0,13.9,14.0,14.2,14.4,13.7,13.0,14.0,0.6,0.9,15.5,-{비}-{비}{강도0}0300-{비}{강도0}0600-{비}{강도1}0900-{비}{강도0}1200-1420. {비}1625-1652. -{박무}-{박무}{강도0}0300-0442. {박무}0645-{박무}{강도1}0900-{박무}{강도0}1200-{박무}{강도0}1500-{박무}{강도0}1800-1936.,
165,목포,2003-04-26,13.8,9.3,0542,18.5,1319,,,,,,,5.3,340,0111,4.5,320,1514,2.3,1987,340,10.3,49,1325,79.9,12.6,1011.1,1018.7,2331,1010.8,0000,1015.5,13.4,10.6,1200,3.28,24.59,,,,,,1.0,1.0,16.7,8.4,15.9,15.1,14.3,14.2,14.0,14.4,13.8,13.2,14.0,2.0,3.2,,,
165,목포,2003-04-27,15.7,10.4,0603,21.7,1446,,,,,,,4.5,270,1505,3.2,270,1522,1.3,1123,250,8.9,35,1507,67.1,11.5,1014.4,1020.3,1011,1017.5,0518,1018.8,13.5,10.3,1100,3.16,24.25,,,,,,3.3,2.5,17.7,8.6,17.1,16.4,15.7,15.1,14.5,14.3,13.9,13.0,14.0,2.3,3.4,,{박무}0230-{박무}{강도1}0300-{시정(미만)}{1km}{안개}0515-{시정(미만)}{0.5km}{안개}0527-{시정(미만)}{0.2km}{안개}0535-{안개}{강도2}0600-{시정(이상)}{0.2km}{안개}0613-{시정(이상)}{0.5km}{안개}0723-{시정(미만)}{0.5km}{안개}0815-{시정(미만)}{0.2km}{안개}0820-{시정(미만)}{0.1km}{안개}0823-{시정(이상)}{0.1km}{안개}0856-{안개}{강도2}0900-{시정(이상)}{0.2km}{안개}0913-{시정(이상)}{0.5km}{안개}0920-{시정(이상)}{1km}{박무}0941-0956.,4.43
165,목포,2003-04-28,18.3,12.1,0537,23.6,1410,,,,,,,7.1,200,1720,4.3,200,1532,2.3,1987,140,8.3,24,1439,55.1,11.1,1015.1,1021.9,1023,1017.7,1717,1019.5,13.5,9.8,1100,2.99,22.89,,,,,,6.8,1.8,18.3,10.4,18.2,17.4,16.5,15.9,15.0,14.2,13.4,13.0,13.9,2.8,4.0,0.5,{햇무리}1123-1718.,
165,목포,2003-04-29,15.2,11.5,1917,18.4,1218,4.5,1038,17.5,1037,14.48,40.5,17.4,230,1246,9.7,230,1255,4.3,3715,140,13.3,60,0000,87.8,15.4,1005.6,1018.0,0000,1005.2,1633,1010.0,13.5,0.0,1500,0.31,1.89,,,,,,10.0,5.9,15.7,11.2,16.1,16.0,16.1,16.2,15.5,14.7,13.8,13.4,14.1,0.4,0.7,40.0,{비}0336-0442. {비}0523-{비}{강도0}0600-{비}{강도0}0900-{비}{강도2}1200-{비}{강도0}1500-{비}{강도0}1800-1846.{박무}1810-2046.,
165,목포,2003-04-30,13.3,10.3,0608,18.2,1233,,,,,,,6.5,340,0136,4.5,340,0139,2.9,2506,320,8.5,42,1205,73.5,11.2,1011.2,1017.5,2239,1011.8,0000,1015.6,13.5,11.4,1200,3.21,25.21,,,,,,2.3,0.6,16.8,9.6,16.6,16.4,16.4,15.9,15.5,15.2,14.0,13.5,14.1,2.8,3.9,,,
165,목포,2003-05-01,15.4,10.0,0555,21.6,1706,,,,,,,4.8,320,1516,3.6,320,1523,1.4,1210,160,9.6,37,1700,69.8,12.0,1013.3,1019.6,1011,1016.3,1743,1017.7,13.6,12.1,1200,3.36,26.49,,,,,,0.0,0.0,17.6,8.1,17.6,16.7,16.0,15.9,16.0,15.4,14.5,13.5,14.2,2.3,3.4,,{박무}0515-{박무}{강도0}0600-{박무}{강도0}0900-0942.,
165,목포,2003-05-02,17.3,11.7,0550,23.2,1329,,,,,,,5.6,160,1254,3.8,180,1316,1.9,1642,160,9.5,30,1312,62.3,11.9,1011.0,1017.5,1001,1013.5,1648,1015.3,13.6,12.4,1200,3.5,27.6,,,,,,0.0,0.0,19.9,10.1,18.3,17.7,16.9,16.6,16.0,15.2,14.1,13.5,14.0,3.2,4.5,,{박무}0415-{박무}{강도0}0600-0828.,
165,목포,2003-05-03,18.9,13.0,0544,24.6,1500,,,,,,,4.3,290,1502,3.3,290,1418,1.5,1296,160,12.0,33,1608,65.5,14.1,1009.8,1015.4,0957,1012.8,1700,1014.1,13.6,10.6,1200,3.3,25.36,,,,,,2.3,0.0,21.0,11.5,19.3,18.6,17.7,17.3,16.5,15.5,14.6,14.0,14.2,3.2,4.8,,{박무}0325-{박무}{강도0}0600-{박무}{강도0}0900-1118.,
165,목포,2003-05-04,17.5,15.1,2400,19.5,1410,0.5,1054,1.0,1232,7.83,3.5,4.3,140,2304,3.1,140,2036,1.2,1037,140,15.1,72,2333,85.0,17.4,1009.4,1014.8,1022,1012.7,1721,1013.7,13.7,0.0,1600,0.79,5.72,,,,,,7.9,4.8,19.1,13.5,18.0,18.1,18.2,17.9,16.8,15.7,14.4,13.8,14.0,0.7,1.2,3.5,{박무}0915-{박무}{강도0}1200-{박무}{강도0}1500-{박무}{강도0}1800-{박무}{강도0}2100-2215.{비}0920-{비}{강도0}1200-{비}{강도0}1500-1710.,
165,목포,2003-05-05,19.6,14.2,0036,25.0,1435,0.0,,0.0,,0.33,0.0,7.6,140,2248,4.3,180,1538,2.2,1901,140,8.4,33,1200,49.5,11.1,1007.5,1014.6,0006,1010.2,1636,1011.8,13.7,6.1,1400,3.0,20.95,,,,,,5.1,2.9,21.4,11.9,19.0,18.3,17.6,17.3,17.3,16.2,14.9,14.3,14.3,1.7,2.5,3.0,{비}2340-{비}{강도0}2400-,
165,목포,2003-05-06,18.3,15.7,0535,20.3,1538,1.0,507,3.0,507,7.32,3.5,6.3,140,1502,4.7,140,1503,2.5,2160,140,16.0,63,0000,85.1,18.3,1003.3,1010.4,0000,1005.9,1836,1007.6,13.7,0.0,1500,1.24,8.02,,,,,,9.9,5.8,21.0,15.5,18.8,18.6,17.8,17.5,17.3,16.1,14.4,14.1,14.4,0.4,0.7,0.5,-{비}-0051. {비}0445-{비}{강도1}0600-0734. {비}0753-{비}{강도0}0900-1132.,
165,목포,2003-05-07,18.5,12.5,2345,21.6,0835,2.0,1343,3.0,1253,12.45,6.5,14.4,230,1322,8.7,230,1328,4.3,3715,140,17.5,89,0000,92.6,20.3,997.3,1006.2,0007,998.6,1751,1001.6,13.8,0.0,1400,0.68,2.49,,,,,,10.0,5.9,21.0,12.3,19.3,19.1,18.5,17.9,17.6,16.5,14.8,14.4,14.4,0.2,0.3,7.0,{박무}0225-{박무}{강도0}0300-0535. {박무}1730-{박무}{강도0}1800-{박무}{강도0}2100-{박무}{강도0}2400-{비}0621-0652. {비}0845-{비}{강도0}0900-{비}{강도0}1200-{비}{강도0}1500-{비}{강도0}1800-2041.{뇌전}{강도0}(NE 10-12)1341-1353.,
165,목포,2003-05-08,12.2,11.5,0136,13.1,1305,0.1,,0.2,,4.35,0.5,8.1,360,0052,5.1,340,0524,2.6,2246,270,10.4,77,2211,87.0,12.6,1008.9,1018.6,2235,1003.4,0000,1013.3,13.8,0.0,1100,0.66,4.58,,,,,,10.0,6.0,15.5,11.3,15.5,15.8,16.5,16.9,17.2,16.5,15.0,14.4,14.4,0.7,1.1,0.1, -{박무}-{박무}{강도0}0300-{박무}{강도0}0600-{박무}{강도0}0900-0923. {비}0115-{비}{강도0}0300-0407. {비}0817-{비}{강도0}0900-0946.,
165,목포,2003-05-09,14.1,11.4,0158,18.6,1444,0.1,,0.1,,0.35,0.1,5.0,290,1602,4.2,290,1603,1.7,1469,270,9.4,47,1447,73.0,11.8,1015.5,1021.2,0954,1018.5,0017,1020.0,13.8,6.5,1000,2.65,20.79,,,,,,6.3,5.8,18.5,11.0,16.9,16.5,16.2,16.3,16.8,16.2,15.0,14.1,14.2,1.6,2.5,, {비}0023-0044.,
165,목포,2003-05-10,14.7,10.7,0414,20.1,1333,,,,,,,4.6,290,1433,3.4,360,1714,1.4,1210,360,9.7,54,1614,72.3,12.1,1014.2,1020.4,0930,1016.5,1615,1018.6,13.8,4.9,1300,3.1,20.79,,,,,,5.1,2.8,19.4,7.4,17.5,17.1,16.7,16.6,16.5,16.1,15.0,14.0,14.2,2.7,3.8,,,
165,목포,2003-05-11,15.8,10.3,0602,21.9,1416,,,,,,,4.8,290,1545,3.6,270,1550,1.2,1037,270,9.2,31,1500,66.9,11.8,1013.9,1020.2,2216,1017.1,1520,1018.3,13.9,12.2,1200,3.48,27.52,,,,,,0.8,0.0,20.3,9.5,18.5,18.0,17.0,17.1,16.8,16.5,15.5,14.4,14.2,3.3,4.8,,{박무}0442-{박무}{강도0}0600-0735.,
165,목포,2003-05-12,16.7,12.2,0523,21.2,1408,,,,,,,4.4,270,1154,3.0,270,1158,1.2,1037,270,12.0,56,1111,73.1,14.1,1015.7,1021.6,1025,1019.0,1529,1020.1,13.9,6.6,1100,3.22,20.5,,,,,,4.5,3.8,20.2,9.8,17.6,18.1,17.8,17.6,17.2,16.2,15.4,14.2,14.2,2.1,3.4,, {박무}0527-{박무}{강도0}0600-{박무}{강도0}0900-1112.,
165,목포,2003-05-13,19.3,14.1,0316,24.1,1415,0.2,,0.3,2300,3.88,0.3,4.8,160,1413,3.2,140,1626,1.4,1210,140,14.5,50,1414,73.6,16.6,1011.8,1019.2,0000,1013.9,1734,1016.1,13.9,2.4,1300,2.53,15.68,,,,,,9.0,5.8,21.9,12.5,19.4,18.9,18.1,17.7,17.7,16.7,15.4,14.3,14.4,1.8,2.7,1.3, {박무}0524-{박무}{강도0}0600-{박무}{강도0}0900-0940. {비}2007-{비}{강도0}2100-{비}{강도0}2400-,
165,목포,2003-05-14,20.1,18.3,0037,23.0,1449,0.5,1,1.0,0,3.42,1.0,7.1,140,1432,4.2,140,1404,1.7,1469,90,15.2,60,1438,72.9,17.4,1004.6,1014.0,0000,1007.0,1534,1008.9,13.9,1.2,1300,2.16,11.65,,,,,,9.6,6.6,22.2,17.9,20.5,19.7,18.9,18.5,17.9,16.7,15.4,14.3,14.3,1.9,2.8,1.0, -{비}-0125. {비}0652-0715. {비}1739-{비}{강도0}1800-1916.,
165,목포,2003-05-15,18.2,16.3,2355,21.8,1516,0.5,356,0.5,356,9.12,1.0,4.2,360,1218,3.3,20,1731,1.4,1210,360,15.5,66,1517,83.6,17.7,1005.0,1012.6,2354,1007.0,0215,1009.3,14.0,1.2,1300,2.7,11.06,,,,,,9.1,6.3,21.6,15.3,20.2,19.6,18.8,18.6,18.3,17.2,15.9,14.7,14.3,0.9,1.4,0.0,{비}0323-{비}{강도0}0600-0643. {비}0725-{비}{강도0}0900-0943. {비}1008-{비}{강도0}1200-1325. {비}1812-1824.,
165,목포,2003-05-16,18.2,14.8,0417,22.6,1228,,,,,,,6.1,270,1432,3.9,270,1441,1.6,1382,270,14.1,58,1440,76.9,16.2,1008.0,1013.1,0330,1011.4,1652,1012.3,14.0,8.4,1200,3.33,24.16,,,,,,5.1,3.9,22.9,13.3,20.2,20.1,19.3,18.7,18.1,17.1,15.9,14.4,14.4,3.0,4.3,, {박무}0317-{박무}{강도0}0600-{박무}{강도0}0900-1120.,
165,목포,2003-05-17,18.3,14.2,0543,23.3,1620,,,,,,,4.8,360,1559,3.8,320,1506,1.6,1382,360,13.7,47,1628,74.6,15.7,1006.1,1012.5,0001,1008.1,1712,1010.4,14.0,11.0,1200,3.32,25.82,,,,,,2.8,0.3,23.5,12.7,20.9,20.5,19.7,19.2,18.6,17.6,16.4,14.9,14.6,3.9,5.6,,{박무}0343-{박무}{강도0}0600-{박무}{강도0}0900-0943.,
165,목포,2003-05-18,17.2,15.0,0454,21.9,1328,,,,,,,5.2,320,1435,4.1,320,1450,2.2,1901,360,14.6,64,1220,83.6,16.6,1004.8,1010.7,0017,1007.6,1658,1009.2,14.0,7.4,1200,3.28,22.2,,,,,,5.8,2.0,23.1,14.2,21.1,20.6,20.0,19.5,18.9,17.1,15.9,14.4,14.5,2.9,4.0,, {박무}0208-{박무}{강도0}0300-{시정(미만)}{1km}{안개}0555-{안개}{강도0}0600-{시정(이상)}{1km}{박무}0824-{박무}{강도0}0900-{박무}{강도0}1200-1335.  {박무}2213-{박무}{강도0}2400-,2.48
165,목포,2003-05-19,17.4,13.7,0519,23.4,1300,,,,,,,5.0,20,1249,4.0,320,1537,2.2,1901,320,12.9,36,1300,76.9,15.0,1006.2,1011.9,2327,1009.4,0456,1010.6,14.1,9.9,1200,3.47,26.34,,,,,,3.9,0.0,24.2,12.1,21.7,21.1,20.1,19.5,19.1,18.0,16.4,14.9,14.5,3.1,4.7,,-{박무}-{박무}{강도0}0300-{박무}{강도0}0600-{박무}{강도0}0900-{박무}{강도0}1200-{박무}{강도0}1500-{박무}{강도0}1800-{박무}{강도0}2100-{박무}{강도0}2400-,
165,목포,2003-05-20,17.7,14.3,0343,22.5,1405,,,,,,,8.1,360,1509,5.9,360,1516,2.9,2506,360,12.4,47,1455,71.9,14.4,1009.2,1015.8,2356,1011.5,0049,1013.6,14.1,9.6,1200,3.08,23.86,,,,,,1.9,0.0,23.1,11.7,21.1,20.5,19.9,19.8,19.4,17.6,16.4,14.6,14.5,3.6,4.5,,-{박무}-{박무}{강도0}0300-{박무}{강도0}0600-{박무}{강도0}0900-1138. {박무}1738-{박무}{강도0}1800-{박무}{강도0}2100-{박무}{강도0}2400-,
165,목포,2003-05-21,18.4,13.7,0614,24.0,1410,,,,,,,5.1,320,1617,4.3,320,1628,1.7,1469,340,13.9,54,1524,74.9,15.9,1010.8,1016.7,0758,1013.4,1740,1015.2,14.1,10.6,1200,3.13,23.95,,,,,,1.6,0.0,24.1,11.2,21.4,21.1,20.2,19.8,19.9,18.1,16.9,15.1,15.0,3.8,4.9,,-{박무}-{박무}{강도0}0300-{박무}{강도0}0600-{박무}{강도0}0900-{박무}{강도0}1200-{박무}{강도0}1500-{박무}{강도0}1800-{박무}{강도0}2100-{박무}{강도0}2400-,
165,목포,2003-05-22,19.0,15.4,0538,24.0,1441,,,,,,,4.2,290,1422,2.9,270,1428,1.0,864,270,14.6,49,1548,76.1,16.7,1009.7,1015.2,2319,1012.6,1619,1014.1,14.1,1.6,1300,2.04,16.75,,,,,,3.9,0.4,23.1,12.5,21.3,20.9,20.1,20.2,19.6,18.1,16.8,14.8,14.5,2.1,3.3,,-{박무}-{박무}{강도0}0300-{박무}{강도2}0600-{박무}{강도0}0900-{박무}{강도0}1200-{박무}{강도0}1500-{박무}{강도0}1800-{박무}{강도0}2100-{박무}{강도0}2400-,
165,목포,2003-05-23,20.7,14.6,0611,25.8,1225,,,,,,,4.3,270,1421,3.2,250,1536,1.2,1037,270,13.6,34,1204,66.5,15.8,1010.1,1015.9,0620,1012.6,1645,1014.5,14.2,10.0,1100,3.06,24.44,,,,,,2.5,0.0,25.8,11.9,23.0,21.5,20.7,20.4,20.1,18.6,17.3,15.2,14.6,3.7,5.5,,-{박무}-{박무}{강도0}0300-{박무}{강도2}0600-{박무}{강도1}0900-{박무}{강도0}1200-1425.,
165,목포,2003-05-24,19.0,15.0,2347,22.7,1123,1.0,2247,3.0,2239,11.48,8.0,11.0,110,1910,4.8,140,1810,2.1,1814,140,13.3,57,1200,69.3,15.4,1006.2,1014.3,0103,1007.3,2358,1010.5,14.2,0.0,1100,1.42,5.45,,,,,,9.8,5.5,19.7,14.9,19.4,19.7,20.3,20.1,20.0,18.3,16.9,14.8,14.6,0.5,0.8,24.0,{비}1231-{비}{강도0}1500-{비}{강도0}1800-{비}{강도0}2100-{비}{강도0}2400-,
165,목포,2003-05-25,18.0,15.1,0000,19.3,1436,2.0,320,4.0,234,9.35,17.5,7.4,140,0943,4.4,140,0913,1.9,1642,90,15.1,71,2102,82.4,17.2,1000.9,1007.6,2258,1003.5,0436,1005.2,14.2,0.0,1400,1.01,5.21,,,,,,9.8,6.1,19.2,15.0,18.0,18.3,18.4,19.0,19.5,18.6,17.4,15.2,14.5,2.4,3.3,2.0,-{비}-{비}{강도0}0300-{비}{강도0}0600-0753.{비}2220-2348.,
165,목포,2003-05-26,20.0,15.8,0328,24.3,1457,0.5,35,0.5,35,1.25,0.5,5.8,140,1652,3.5,140,1659,1.7,1469,50,15.3,55,1458,74.5,17.5,1004.7,1011.2,2229,1006.9,0121,1009.0,14.2,5.0,1400,3.16,17.88,,,,,,7.4,6.3,23.7,15.7,21.1,20.1,19.1,19.0,18.9,18.3,17.1,15.0,14.5,2.8,3.7,,{비}0035-0150.,
165,목포,2003-05-27,21.8,16.9,0600,26.8,1403,,,,,,,5.0,110,1632,3.2,140,1706,1.5,1296,140,14.8,44,1247,65.0,16.9,1006.9,1012.6,2312,1009.8,0244,1011.2,14.3,9.1,1200,3.23,22.89,,,,,,2.9,0.0,23.5,14.6,22.2,21.7,20.7,20.2,19.4,18.8,17.6,15.5,14.9,3.2,5.1,,{햇무리}0952-1342.,
165,목포,2003-05-28,22.8,18.7,0525,26.8,1343,0.3,1902,0.5,1830,0.77,0.5,10.1,140,1243,5.6,140,1317,2.7,2333,140,14.2,43,1118,58.4,16.3,1006.7,1012.3,0000,1009.2,1643,1010.9,14.3,9.1,1200,3.57,24.78,,,,,,4.8,3.3,22.9,16.9,22.0,21.8,20.8,20.4,19.7,18.6,17.6,15.3,14.7,3.5,5.5,0.5, {비}1830-1916.,
165,목포,2003-05-29,21.2,18.6,2151,23.8,1250,3.5,2130,13.0,2102,8.28,61.5,10.8,160,1435,4.9,140,0712,2.7,2333,140,16.4,57,1005,74.4,18.8,1005.0,1011.0,0021,1008.1,2011,1009.3,14.3,0.0,0900,0.82,4.8,,,,,,9.5,6.8,21.1,18.1,20.0,20.4,20.3,20.3,20.1,18.6,17.4,15.3,14.6,0.5,0.8,105.0,{비}1337-1346.{비}1552-{비}{강도1}1800-{비}{강도1}2100-{비}{강도1}2400-,
165,목포,2003-05-30,20.1,18.7,0000,23.8,1709,4.0,43,12.5,13,8.25,43.5,12.4,110,0729,4.8,110,0737,2.2,1901,50,17.3,60,1710,83.1,19.9,1000.9,1009.0,0000,1003.6,2357,1005.1,14.3,0.5,1500,1.23,8.1,,,,,,9.3,8.5,21.6,18.3,20.4,20.0,19.5,19.5,19.4,19.1,17.9,15.3,14.5,1.3,1.8,,-{비}-{비}{강도1}0300-{비}{강도0}0600-0815.,
165,목포,2003-05-31,20.7,17.7,0516,24.6,1457,,,,,,,6.9,360,1606,5.3,360,1609,3.5,3024,20,16.0,56,1542,74.0,18.3,999.2,1006.1,2312,1001.5,0454,1003.5,14.3,12.1,1200,3.55,28.78,,,,,,2.8,1.6,24.3,17.1,22.4,21.7,20.7,20.4,19.9,19.6,18.1,15.6,14.9,3.8,4.9,,,
165,목포,2003-06-01,20.0,16.3,0550,25.4,1509,,,,,,,4.8,320,1645,3.8,320,1634,1.6,1382,290,15.0,37,1642,74.6,17.2,1002.4,1008.3,2328,1005.6,0040,1006.7,14.3,11.7,1200,3.45,26.34,,,,,,2.4,0.0,23.9,12.8,22.6,22.0,21.2,20.9,20.4,19.6,18.2,15.9,15.1,3.6,5.2,,,
165,목포,2003-06-02,19.2,14.5,0451,25.1,1527,,,,,,,4.8,360,1508,3.7,360,1500,1.5,1296,320,13.8,46,1648,71.4,15.9,1004.9,1011.3,2332,1007.8,1603,1009.2,14.4,12.3,1200,3.29,26.54,,,,,,2.1,0.0,23.0,10.7,21.7,21.5,21.1,20.9,20.5,19.6,18.0,16.3,14.9,3.2,4.7,,,
165,목포,2003-06-03,20.5,16.1,0017,25.7,1731,,,,,,,3.3,140,1053,2.4,160,1102,1.1,950,140,13.2,32,1417,63.6,15.3,1007.6,1013.4,0754,1010.5,1639,1011.9,14.4,1.9,1400,1.95,15.05,,,,,,6.5,1.3,22.1,12.9,20.7,20.8,20.7,20.6,20.6,19.1,17.9,15.8,14.9,2.5,4.0,,{박무}0125-{박무}{강도0}0300-{박무}{강도0}0600-{박무}{강도0}0900-{박무}{강도0}1200-1425.,
165,목포,2003-06-04,19.2,15.7,2327,24.3,1205,,,,,,,5.8,320,1503,4.5,320,1326,2.5,2160,320,14.3,35,1208,74.6,16.5,1005.4,1011.4,0001,1008.4,1721,1009.7,14.4,11.9,1200,3.49,28.62,,,,,,2.0,0.0,23.2,14.0,22.0,21.7,21.2,20.8,20.4,19.3,17.9,15.8,14.8,4.5,5.7,,{박무}0827-{박무}{강도0}0900-1045.,
165,목포,2003-06-05,19.6,14.5,0449,26.0,1435,,,,,,,4.9,320,1631,3.8,320,1638,1.4,1210,340,12.5,22,1634,67.1,14.7,1005.4,1011.4,0808,1008.3,1716,1009.7,14.4,11.2,1200,3.4,27.42,,,,,,1.0,0.8,23.3,11.3,22.3,21.8,21.3,21.0,20.9,19.6,18.4,15.8,15.0,3.6,5.3,,{박무}0437-{박무}{강도0}0600-{박무}{강도0}0900-1050. {박무}2245-{박무}{강도0}2400-,
165,목포,2003-06-06,20.3,16.8,0515,24.3,1324,,,,,,,3.9,290,1614,2.5,270,1620,1.0,864,140,12.9,36,1248,64.3,15.1,1003.6,1009.2,0000,1005.7,1857,1007.9,14.4,5.9,1200,2.62,18.62,,,,,,5.5,0.8,22.3,13.8,22.0,21.7,21.4,21.4,21.1,19.4,18.3,16.1,15.1,3.1,5.2,,-{박무}-{박무}{강도0}0300-{박무}{강도0}0600-{박무}{강도0}0900-{박무}{강도0}1200-{박무}1426.,
165,목포,2003-06-07,21.7,16.2,0541,26.4,1326,,,,,,,4.8,270,1407,3.6,290,1328,1.7,1469,160,14.2,37,1246,63.5,16.3,1005.4,1012.5,2224,1007.6,0013,1009.6,14.4,12.6,1200,3.55,28.26,,,,,,1.5,0.6,24.7,16.1,24.1,23.1,22.0,21.4,20.7,19.6,18.4,15.9,15.0,5.1,6.0,,{박무}0425-{박무}{강도0}0600-{박무}{강도0}0900-1035.,
165,목포,2003-06-08,23.0,17.8,0543,28.9,1526,,,,,,,5.6,140,1417,3.2,140,1620,1.2,1037,160,13.6,24,1423,59.0,15.9,1008.2,1013.8,1003,1011.5,1541,1012.4,14.4,12.1,1200,3.44,26.65,,,,,,3.6,0.3,26.6,14.5,25.4,24.7,23.2,22.5,21.1,20.0,18.7,16.4,15.3,5.2,6.3,,{박무}0418-0525. {박무}1935-{박무}{강도0}2100-{박무}{강도0}2400-,
165,목포,2003-06-09,24.0,18.6,0617,28.9,1528,,,,,,,5.2,140,1540,3.6,140,1930,1.2,1037,140,13.3,28,1537,51.6,15.3,1005.6,1012.1,0000,1007.4,1716,1009.9,14.4,8.6,1300,3.08,23.73,,,,,,3.8,0.4,26.7,15.7,25.7,25.1,23.8,23.2,21.5,20.5,19.0,16.3,15.1,4.9,6.4,,-{박무}-{박무}{강도0}0300-{박무}{강도0}0600-0827. {박무}2025-{박무}{강도0}2100-{박무}{강도0}2400-,
165,목포,2003-06-10,23.4,19.8,0434,26.6,1209,,,,,,,4.0,20,1623,3.0,20,1648,1.1,950,20,16.3,47,1146,64.0,18.6,1003.0,1009.1,0000,1005.5,1749,1007.3,14.4,3.0,0900,2.68,14.57,,,,,,7.9,4.1,25.8,17.8,25.2,24.7,24.0,23.4,21.4,20.4,18.7,16.2,15.2,3.7,4.3,,-{박무}-{박무}{강도0}0300-0425.,
165,목포,2003-06-11,22.3,19.5,2252,25.8,1027,3.0,1922,9.5,2143,5.88,31.5,4.1,90,1017,2.9,140,1753,0.9,778,140,17.5,52,1032,74.9,20.2,1001.0,1007.6,0000,1003.2,2355,1005.3,14.5,0.5,1000,2.0,9.78,,,,,,9.8,4.6,24.8,19.1,23.8,24.0,23.9,23.5,22.0,20.7,19.2,16.4,15.2,1.2,1.8,49.5,{박무}0545-{박무}{강도0}0600-0736.{비}1807-{비}{강도1}2100-{비}{강도1}2400-,
165,목포,2003-06-12,19.7,18.6,2340,22.0,1439,1.5,345,6.5,-2340,9.47,18.0,5.8,160,0034,4.4,360,1625,2.2,1901,340,18.2,80,1443,90.4,21.1,996.9,1004.2,2310,999.1,1415,1001.1,14.5,0.1,1200,1.54,8.35,,,,,,8.9,5.8,23.0,18.4,22.0,22.1,22.2,22.1,22.4,21.2,19.7,16.3,15.2,1.2,1.7,0.0,-{비}-{비}{강도0}0300-{비}{강도0}0600-{비}{강도0}0900-0928. {박무}0635-{박무}{강도1}0900-{박무}{강도0}1200-1230.,
165,목포,2003-06-13,19.6,18.0,0259,21.9,1057,0.0,,0.0,,0.13,0.0,4.9,180,2147,3.5,180,2151,1.8,1555,270,16.6,67,1554,82.1,19.0,1002.3,1008.9,2324,1004.1,0000,1006.6,14.5,1.5,1300,2.31,14.72,,,,,,8.0,5.8,22.8,17.8,21.9,22.0,21.6,21.7,21.9,21.1,19.5,16.4,15.3,2.3,3.5,0.0,{박무}0419-{박무}{강도0}0600-{박무}{강도0}0900-{박무}{강도0}1200-{박무}{강도0}1500-1535.{비}1456-{비}{강도0}1500-1504.,
165,목포,2003-06-14,21.1,18.9,0329,24.6,1255,,,,,,,6.4,290,1346,4.0,270,1347,2.1,1814,180,16.1,54,1222,72.8,18.4,1002.6,1008.4,0002,1005.8,0327,1006.8,14.5,7.1,1100,3.08,22.22,,,,,,7.0,6.8,23.4,18.4,22.5,21.7,21.8,21.8,21.8,21.1,19.8,16.9,15.5,3.6,4.5,,{박무}2145-{박무}{강도0}2400-,
165,목포,2003-06-15,21.1,19.1,0443,24.4,1300,0.0,,0.0,,0.38,0.0,7.3,180,1310,4.5,180,1311,2.8,2419,180,16.8,50,1301,76.3,19.3,1003.4,1009.1,2223,1006.6,0303,1007.7,14.5,2.1,1200,2.78,11.1,,,,,,9.1,3.6,21.7,18.5,21.3,21.8,21.7,21.8,22.0,21.4,19.6,16.9,15.4,2.1,3.5,0.0,-{박무}-{박무}{강도0}0300-{박무}{강도0}0600-0845. {비}1525-1548.,
165,목포,2003-06-16,20.7,19.0,2400,23.3,1301,,,,,,,4.9,270,1451,3.2,180,0019,1.7,1469,270,16.4,61,1304,76.1,18.8,1006.1,1012.5,2215,1008.5,0252,1010.4,14.5,6.2,1000,2.69,21.29,,,,,,7.3,6.4,24.0,18.4,22.9,22.5,22.1,21.8,21.5,21.0,19.4,16.8,15.6,2.8,4.6,,{박무}0427-{박무}{강도0}0600-{박무}{강도2}0900-{박무}{강도0}1200-{박무}{강도0}1500-{박무}{강도0}1800-{박무}{강도0}2100-{박무}{강도0}2400-{햇무리}1245-1416.,
165,목포,2003-06-17,20.5,17.6,0619,24.1,1604,,,,,,,4.1,270,1557,2.9,290,1603,1.1,950,270,16.3,56,1239,77.0,18.6,1007.3,1012.7,0652,1010.3,1639,1011.6,14.5,5.6,1100,2.92,20.93,,,,,,5.6,3.1,23.7,15.8,22.9,22.3,22.4,22.1,21.7,20.6,19.2,16.6,15.2,3.6,4.5,,-{박무}-{박무}{강도0}0300-{박무}{강도0}0600-{박무}{강도0}0900-{박무}{강도0}1200-{박무}{강도0}1500-{박무}{강도0}1800-{박무}{강도0}2100-{박무}{강도0}2400-,
165,목포,2003-06-18,20.4,17.5,0254,22.9,1003,0.5,1145,2.0,2009,11.12,4.0,5.2,140,1707,3.6,160,1721,1.4,1210,140,18.7,74,0953,88.8,21.7,1003.6,1011.2,0001,1005.1,2318,1007.9,14.5,0.1,0900,1.57,9.3,,,,,,9.4,4.9,23.7,16.8,21.8,22.0,22.0,22.0,22.2,20.7,19.1,17.0,15.2,0.7,1.2,23.5,-{박무}-{박무}{강도1}0300-{박무}{강도1}0600-{박무}{강도0}0900-{박무}{강도0}1200-1232. {비}1103-{비}{강도0}1200-1225. {비}1415-{비}{강도0}1500-{비}{강도0}1800-{비}{강도0}2100-{비}{강도0}2400-,
165,목포,2003-06-19,20.9,19.1,2335,24.6,1721,1.5,357,5.5,357,13.8,21.0,8.7,360,1525,5.4,360,1409,2.4,2074,20,19.0,70,1733,88.3,22.2,996.5,1005.2,2333,996.2,1150,1000.7,14.5,2.3,1500,1.43,10.09,,,,,,7.8,5.3,23.1,18.6,22.0,22.1,21.9,21.9,22.0,21.0,19.4,16.9,15.5,0.2,0.5,1.5,-{비}-{비}{강도0}0300-{비}{강도1}0600-{비}{강도0}0900-{비}{강도0}1200-1348.{박무}1315-{박무}{강도0}1500-{박무}{강도0}1800-{박무}{강도0}2100-{박무}{강도0}2400-,
165,목포,2003-06-20,21.4,18.1,0454,25.9,1501,,,,,,,3.8,290,1644,2.6,270,1646,1.1,950,270,18.0,57,1127,80.9,20.8,1004.3,1010.8,2242,1005.1,0000,1008.6,14.5,10.2,1200,3.06,23.98,,,,,,3.8,0.3,25.4,16.9,23.8,23.8,22.3,22.0,21.6,21.0,19.4,17.0,15.4,3.5,4.8,, -{박무}-{박무}{강도0}0300-{박무}{강도0}0600-{박무}{강도0}0900-{박무}{강도0}1200-1235. {박무}1727-{박무}{강도0}1800-{박무}{강도0}2100-{시정(미만)}{1km}{안개}2213-{시정(미만)}{0.5km}{안개}2226-{시정(이상)}{0.5km}{안개}2239-{시정(이상)}{1km}{박무}2252-{박무}{강도1}2400-,0.65
165,목포,2003-06-21,23.5,19.1,0127,27.5,1353,,,,,,,4.9,160,1428,2.9,200,1436,1.3,1123,140,19.8,63,1202,79.6,23.3,1006.5,1011.6,1036,1010.0,1400,1010.8,14.5,4.1,1100,2.78,17.89,,,,,,6.0,1.8,26.1,15.3,24.8,24.4,23.4,23.0,22.1,21.4,19.6,17.4,15.8,2.7,3.6,,-{박무}-{박무}{강도1}0300-{박무}{강도0}0600-{박무}{강도0}0900-{박무}{강도0}1200-{박무}{강도0}1500-{박무}{강도0}1800-{박무}{강도0}2100-{박무}{강도0}2400-,
165,목포,2003-06-22,24.4,21.4,0433,27.5,1433,,,,,,,4.2,140,1858,2.9,160,0031,1.5,1296,140,19.1,57,1434,72.1,22.2,1004.6,1011.6,0237,1005.7,2349,1008.8,14.5,4.9,1100,2.62,18.92,,,,,,7.0,5.3,27.2,21.0,25.6,25.4,24.1,23.3,22.3,21.5,19.7,17.4,15.8,2.8,4.0,11.5,-{박무}-{박무}{강도0}0300-{박무}{강도0}0600-0814.,
165,목포,2003-06-23,22.3,20.9,0316,24.1,1405,2.5,605,5.0,536,11.33,16.5,10.2,250,1450,6.0,250,1502,3.4,2938,140,20.2,69,0000,87.5,23.9,995.0,1005.8,0001,996.8,1511,999.2,14.5,0.2,1700,1.13,5.78,,,,,,10.0,5.6,23.6,20.5,22.8,22.8,23.2,23.5,21.9,21.1,19.3,17.2,15.9,0.5,0.8,5.0,{비}0045-{비}{강도0}0300-{비}{강도0}0600-{비}{강도0}0900-{비}{강도0}1200-1205.{박무}0925-{박무}{강도0}1200-{박무}{강도1}1500-{박무}{강도1}1800-{박무}{강도1}2100-{박무}{강도1}2400-,
165,목포,2003-06-24,20.6,19.1,2332,23.5,1527,0.1,,0.1,,2.05,0.1,6.7,290,1713,4.1,270,1708,2.6,2246,270,17.7,63,1529,82.8,20.4,994.9,1000.4,2219,997.7,0156,999.2,14.5,1.7,1500,2.96,13.35,,,,,,8.5,5.6,24.1,18.9,22.7,22.6,22.5,22.6,22.4,21.6,19.7,17.5,15.7,2.1,3.0,0.1,-{박무}-{박무}{강도1}0300-{박무}{강도1}0600-{박무}{강도0}0900-{박무}{강도0}1200-{박무}{강도0}1500-1525. {박무}1924-{박무}{강도0}2100-{박무}{강도0}2400-{비}1013-1135. {비}1910-1951.,
165,목포,2003-06-25,21.5,19.0,0439,24.8,1320,,,,,,,6.0,270,1407,4.1,270,1411,2.6,2246,250,16.3,51,1324,72.6,18.6,996.9,1004.1,2331,999.1,0441,1001.2,14.5,6.8,1300,3.19,22.66,,,,,,4.8,4.4,24.0,16.8,22.9,23.0,22.7,22.6,22.4,21.4,19.8,17.4,15.8,2.2,3.9,,-{박무}-0215.,
165,목포,2003-06-26,23.2,18.2,0548,28.2,1526,,,,,,,4.6,160,2146,3.1,230,1050,1.7,1469,140,15.3,27,1657,63.5,17.5,1000.8,1006.3,1033,1003.9,0007,1005.0,14.5,9.3,1200,3.41,26.28,,,,,,3.9,1.3,25.5,15.7,24.0,24.2,24.2,23.9,22.4,21.1,19.7,17.6,16.1,3.2,4.5,21.5,{박무}0518-{박무}{강도0}0600-{박무}{강도0}0900-{박무}{강도0}1200-1325. {박무}1933-{박무}{강도0}2100-{박무}{강도0}2400-,
165,목포,2003-06-27,21.6,19.2,2309,24.1,1640,1.5,554,5.5,529,16.93,28.5,11.9,230,1738,7.3,230,1740,4.1,3542,140,20.2,61,0000,91.3,24.0,994.3,1004.2,0000,995.6,1641,998.5,14.5,0.0,1300,0.39,2.58,,,,,,10.0,6.0,23.2,19.0,22.4,22.6,22.6,22.9,22.9,21.6,20.2,17.9,15.9,1.9,2.7,7.1,-{박무}-{박무}{강도0}0300-{박무}{강도0}0600-{박무}{강도0}0900-1028. {박무}1732-{박무}{강도0}1800-1945. {비}0014-0017. {비}0127-{비}{강도0}0300-{비}{강도0}0600-{비}{강도0}0900-{비}{강도0}1200-{비}{강도0}1500-1745. {비}2325-{비}{강도0}2400-,
165,목포,2003-06-28,20.9,18.9,0458,23.7,1621,0.1,,0.1,,2.02,0.1,7.9,290,0826,4.7,320,0823,2.7,2333,320,17.5,64,1715,80.5,20.1,1000.1,1007.4,2400,999.3,0000,1004.4,14.5,4.1,1100,2.14,16.34,,,,,,6.4,4.8,23.1,17.4,22.3,22.5,22.3,22.2,22.4,21.5,19.9,17.5,16.0,2.1,3.3,,-{비}-0135.{비}0412-0438.,
165,목포,2003-06-29,21.7,18.5,0313,25.9,1252,,,,,,,3.5,270,1508,2.5,160,0555,1.2,1037,250,18.0,60,1253,79.3,20.8,1003.3,1008.6,0634,1006.4,1739,1007.5,14.5,6.1,1100,3.24,19.87,,,,,,5.5,1.6,24.3,16.1,23.1,23.1,22.7,22.4,22.3,21.4,19.9,17.8,16.0,2.7,3.8,0.1,{박무}1940-{박무}{강도0}2100-{박무}{강도0}2400-,
165,목포,2003-06-30,20.3,19.0,2327,21.5,1041,2.5,2313,6.0,2248,15.68,16.0,4.3,160,1225,3.0,160,1347,1.1,950,140,18.8,79,1250,90.3,21.8,1002.5,1008.3,0000,1005.8,1644,1006.8,14.5,0.0,1200,0.63,5.3,,,,,,10.0,5.1,22.7,18.7,21.3,22.1,22.3,22.4,22.6,21.7,20.4,17.9,16.2,0.8,1.6,32.4,-{박무}-{박무}{강도0}0300-{박무}{강도1}0600-{박무}{강도1}0900-{박무}{강도0}1200-{박무}{강도0}1500-{박무}{강도0}1800-{박무}{강도0}2100-{박무}{강도0}2400- {비}0714-{비}{강도0}0900-{비}{강도0}1200-{비}{강도0}1500-{비}{강도0}1800-1825. {비}1930-{비}{강도0}2100-{비}{강도1}2400-,
165,목포,2003-07-01,21.5,18.7,0146,26.0,1655,1.5,613,4.0,21,9.28,16.5,4.7,90,0531,2.8,140,1250,1.3,1123,70,17.8,55,1658,79.5,20.5,1002.9,1011.5,2353,1003.7,0539,1007.2,14.5,4.1,1500,2.38,14.6,,,,,,7.6,3.8,24.7,18.5,22.7,22.0,21.8,21.7,22.2,21.7,20.4,17.7,16.0,2.2,3.5,0.0,-{비}-{비}{강도0}0300-{비}{강도0}0600-{비}{강도0}0900-0917. -{박무}-{박무}{강도0}0300-{박무}{강도0}0600-0830.,
165,목포,2003-07-02,21.5,18.8,0530,24.6,1251,2.0,2102,5.5,2037,6.92,8.5,11.1,140,2349,5.2,140,2400,1.9,1642,140,18.0,65,1049,80.5,20.8,1005.6,1013.1,0949,1004.4,2349,1009.9,14.5,3.6,1000,2.5,15.09,,,,,,7.5,2.9,23.9,17.2,22.9,22.6,22.4,22.4,22.1,21.3,20.0,18.0,16.1,2.5,3.7,43.5,{박무}0847-{박무}{강도0}0900-{박무}{강도0}1200-{박무}{강도0}1500-{박무}{강도0}1800-{박무}{강도0}2100-{박무}{강도0}2400-{비}1640-{비}{강도0}1800-{비}{강도0}2100-2335.,
165,목포,2003-07-03,20.9,19.2,2342,22.8,0513,7.5,418,28.5,338,6.62,35.0,8.9,250,0633,5.3,250,0635,3.5,3024,250,19.1,81,1907,88.8,22.4,998.3,1006.9,2226,999.9,0703,1002.6,14.5,0.0,1600,0.7,5.77,,,,,,8.8,5.3,22.7,18.5,21.9,22.0,21.9,22.1,22.5,21.7,20.5,18.5,16.5,0.9,1.5,,{비}0006-{비}{강도0}0300-{소나기}0401-{비}0451-{비}{강도0}0600-0643. -{박무}-{박무}{강도0}0300-{박무}{강도1}0600-{박무}{강도0}0900-1125. {뇌전}{강도0}(SE10-12)0402-{뇌전}{강도1}(SE6-8)0406-{뇌전}{강도0}(SE{이동}S8-10)0412-0426. ,
165,목포,2003-07-04,20.2,18.9,0433,21.5,1125,6.5,1358,13.5,1316,6.38,25.0,10.9,290,1359,5.1,250,1405,1.9,1642,140,18.4,79,1042,88.5,21.3,1001.1,1008.0,1359,1001.3,2343,1005.4,14.4,0.0,0900,0.73,4.94,,,,,,9.5,5.1,21.7,18.4,20.8,21.0,21.3,21.5,22.1,21.3,20.1,18.1,16.2,0.7,1.0,41.5,{박무}0435-{박무}{강도0}0600-{박무}{강도0}0900-{박무}{강도0}1200-{박무}{강도0}1500-1745. {비}1126-{비}{강도0}1200-{소나기}1349-{비}1448-{비}{강도1}1500-1735. {비}2346-{비}{강도0}2400- {천둥}{강도0}(S)1352-1355. {천둥}{강도0}(SW)1424-{천둥}{강도0}(SW{이동}S)1429-1436.,
165,목포,2003-07-05,21.8,20.2,0246,25.0,1745,11.0,5,12.5,-2346,8.55,17.0,4.5,140,0327,3.4,140,0335,1.5,1296,250,20.3,77,1746,90.6,24.1,1000.5,1007.4,2159,1001.4,0333,1004.8,14.4,0.7,1400,1.4,8.3,,,,,,9.8,6.6,24.0,20.0,22.2,21.9,21.4,21.3,21.9,21.7,20.5,18.5,16.2,0.3,0.4,28.0, -{비}-{소나기}0004-{비}0018-{비}{강도1}0300-{비}{강도0}0600-0725. {비}0920-{안개비}0945-1013. {비}2345-{비}{강도0}2400- {박무}0528-{박무}{강도0}0600-{시정(미만)}{1km}{안개}0735-{시정(미만)}{0.5km}{안개}0751-{안개}{강도1}0900-{안개}{강도1}1200-{시정(이상)}{0.5km}{안개}1225-{시정(이상)}{1km}{박무}1245-1420.,5.17
165,목포,2003-07-06,21.7,20.3,2114,23.4,1323,3.0,949,11.0,700,17.13,36.5,6.4,230,1622,4.7,230,1627,2.2,1901,140,20.7,87,1336,93.3,24.6,1000.4,1007.3,0004,1002.5,1234,1004.6,14.4,0.0,1300,0.54,3.48,,,,,,9.5,6.4,23.3,20.1,22.3,22.3,22.0,22.0,22.3,22.0,20.6,18.5,16.5,0.8,1.3,12.0, -{비}-0024. {비}0240-{비}{강도0}0300-{비}{강도1}0600-{비}{강도1}0900-{비}{강도0}1200-1445. {비}1534-{비}{강도0}1800-2013. {박무}1728-{박무}{강도0}1800-{박무}{강도1}2100-{박무}{강도0}2400-,
165,목포,2003-07-07,22.0,20.2,0130,24.2,1644,2.0,2155,3.5,1239,11.7,15.0,5.9,140,1432,4.4,140,1440,1.9,1642,140,20.8,84,1736,92.3,24.8,1003.0,1009.2,2147,1005.5,0000,1007.2,14.4,0.1,1600,1.24,6.49,,,,,,9.6,6.8,23.7,19.8,22.6,22.6,22.2,22.0,21.8,21.6,20.2,18.4,16.4,0.3,0.6,12.1,-{박무}-{박무}{강도0}0300-0315. {박무}0442-{시정(미만)}{1km}{안개}0542-{안개}{강도0}0600-{시정(이상)}{1km}{박무}0720-{박무}{강도1}0900-{박무}{강도1}1200-{박무}{강도0}1500-1715.{비}0318-0323. {안개비}0606-{비}0720-{비}{강도0}0900-1138. {비}1212-{비}{강도0}1500-1610. {비}2035-{비}{강도0}2100-2242.,1.63
165,목포,2003-07-08,23.3,21.4,0000,25.8,1415,0.1,,0.3,2105,1.97,0.5,6.0,180,2350,4.3,180,2256,2.6,2246,140,21.1,76,1422,86.6,25.2,1004.2,1009.3,0915,1007.6,0511,1008.4,14.4,0.0,1300,1.68,10.23,,,,,,10.0,5.9,25.0,21.0,23.8,23.4,22.7,22.3,21.9,21.4,20.3,18.5,16.5,0.8,1.3,4.9,{비}0328-0345. {비}0838-{비}{강도0}0900-0910. {비}1806-1818. {비}2041-2046. {비}2105-2122. {비}2144-2151. {비}2332-{비}{강도0}2400-  {박무}1745-{박무}{강도0}1800-{박무}{강도0}2100-{박무}{강도0}2400-,
165,목포,2003-07-09,24.4,23.6,2045,26.0,1140,6.5,2038,12.5,1948,13.57,23.5,9.3,180,2232,5.1,180,0857,3.6,3110,180,22.7,80,1202,89.9,27.9,1001.7,1008.4,0002,1003.1,2005,1005.9,14.4,0.0,0900,1.16,5.06,,,,,,10.0,5.9,25.5,23.1,24.1,23.8,23.3,22.9,22.4,21.6,19.9,18.3,16.9,0.4,0.7,25.0,-{비}-0047. {비}0115-0128. {비}0144-{비}{강도0}0300-{비}{강도0}0600-0705. {비}1320-1345. {비}1442-{비}{강도0}1500-{비}{강도0}1800-{소나기}1942-{비}2032-{비}{강도1}2100-2130. -{박무}-{박무}{강도0}0300-{박무}{강도0}0600-0828. {번개}{강도0}(NW)1950-{번개}{강도0}(NW{이동}N)2010-2025.,
165,목포,2003-07-10,22.3,21.0,0905,24.6,0000,3.5,904,6.0,830,20.95,24.0,8.4,230,0129,4.5,230,0219,1.7,1469,230,21.0,87,1446,91.6,25.1,1001.7,1008.1,1041,1003.3,0331,1006.0,14.4,0.0,1100,0.9,4.82,,,,,,10.0,6.5,24.5,20.4,23.7,23.5,23.2,23.0,22.6,21.6,20.0,18.3,16.8,0.4,0.7,69.0,{비}0040-{비}{강도0}0300-{비}{강도1}0600-{비}{강도0}0900-1022. {비}1137-{비}{강도0}1200-{비}{강도0}1500-1745. {비}1835-{비}{강도0}2100-2342.{박무}0725-{박무}{강도1}0900-{박무}{강도0}1200-{박무}{강도1}1500-1750.,
165,목포,2003-07-11,21.8,20.9,1227,22.8,0414,8.0,639,21.0,556,11.95,52.5,9.1,200,0412,5.4,200,0417,1.8,1555,250,20.5,84,1651,91.4,24.3,1001.2,1007.8,2247,1003.4,0342,1005.5,14.4,0.3,1500,1.1,7.81,,,,,,9.8,7.0,24.3,20.7,23.5,23.3,22.9,22.6,22.6,21.4,20.0,18.5,16.6,0.4,0.6,2.0,{비}0218-{비}{강도0}0300-{소나기}0320-{비}0450-{비}{강도1}0600-{비}{강도0}0900-1020. {비}1115-{비}{강도0}1200-1225. {비}1320-{비}{강도0}1500-1605. {뇌전}{강도0}(SW 8-10)0350-{뇌전}{강도1}(SW 5-7)0402-{뇌전}{강도1}(SW{이동}S 3-4)0410-{뇌전}{강도1}(S{이동}SE 4-5)0416-{뇌전}{강도0}(SE 8-10)0420-0426. {박무}2225-{박무}{강도1}2400-,
165,목포,2003-07-12,21.3,20.2,2102,22.7,1236,1.0,1937,2.0,1927,7.47,3.5,7.1,180,2357,4.5,140,2338,1.6,1382,140,19.6,78,1859,89.5,23.1,1003.1,1010.3,1244,1003.6,2355,1007.4,14.3,0.0,1400,0.76,5.16,,,,,,10.0,6.9,23.5,20.0,22.9,22.9,22.9,22.8,22.6,21.8,20.4,18.7,16.5,0.8,1.3,30.0,-{박무}-{박무}{강도1}0300-{박무}{강도1}0600-{시정(미만)}{1km}{안개}0825-{시정(미만)}{0.5km}{안개}0845-{안개}{강도1}0900-{안개}{강도1}1200-{시정(이상)}{0.5km}{안개}1218-{시정(이상)}{1km}{박무}1245-1435. {비}0710-0820. {비}1305-{비}{강도0}1500-1645. {비}1927-{비}{강도0}2100-2143. {비}2214-2236,4.33
165,목포,2003-07-13,21.6,19.6,2344,23.3,0600,11.5,525,15.0,507,10.43,44.0,7.3,180,0006,4.6,180,0519,2.4,2074,140,20.5,83,1637,92.6,24.4,997.9,1005.5,2339,1000.5,0512,1002.2,14.3,0.2,1600,1.22,4.75,,,,,,9.9,6.0,23.9,19.3,22.5,22.5,22.4,22.4,22.4,21.7,20.3,18.6,16.5,0.9,1.4,17.0,{비}0007-0043. {비}0352-{소나기}0505-{비}0549-{비}{강도1}0600-{비}{강도1}0900-1047. {비}1940-{비}{강도0}2100-2235. {뇌전}{강도0}(NW 5-7)0511-{뇌전}{강도1}(NW 4-6)0520-{뇌전}{강도2}(NW{이동}N 3-5)0526-{뇌전}{강도1}(N{이동}NE 3-5)0536-0542. {박무}1225-{시정(미만)}{1km}{안개}1318-{시정(미만)}{0.5km}{안개}1331-{시정(미만)}{0.2km}{안개}1337-{시정(이상)}{0.2km}{안개}1342-{시정(이상)}{0.5km}{안개}1405-{시정(이상)}{1km}{박무}1412-{박무}{강도1}1500-1615.,0.9
165,목포,2003-07-14,20.9,18.8,0526,23.0,1648,0.0,,0.0,,0.88,0.0,3.7,140,1159,2.4,160,1205,0.8,691,70,17.3,65,1321,79.4,19.9,1002.1,1007.6,2253,1005.2,0332,1006.3,14.3,0.1,1000,1.38,8.82,,,,,,9.6,4.1,23.7,18.5,22.4,22.4,22.3,22.3,22.3,21.6,20.5,18.5,16.6,1.1,1.5,1.0,{비}0115-0145. {비}2311-2322. {비}2348-{비}{강도0}2400-,
165,목포,2003-07-15,22.0,19.1,0528,25.7,1351,0.5,47,0.5,0,2.3,1.0,3.9,140,1258,3.3,20,1707,1.1,950,140,17.8,53,1309,77.4,20.5,1003.0,1009.5,2246,1006.1,1527,1007.3,14.3,5.5,1100,2.86,18.65,,,,,,6.3,3.4,25.2,18.6,23.7,23.3,22.7,22.6,22.3,22.0,21.0,18.5,16.6,2.6,3.5,,-{비}-0152. {비}0336-0349. {비}0417-0426. {비}0728-0732.,
165,목포,2003-07-16,21.8,19.2,0512,25.2,1359,,,,,,,4.4,290,1447,3.3,270,1432,1.4,1210,270,18.3,64,1351,80.3,21.2,1006.2,1011.5,2134,1009.1,0303,1010.4,14.3,7.9,1300,3.32,22.62,,,,,,5.0,2.8,26.3,17.8,24.7,24.4,23.4,23.0,22.5,22.1,21.1,18.6,16.7,3.2,4.5,,{박무}0432-{박무}{강도0}0600-0725.,
165,목포,2003-07-17,21.0,19.9,0537,21.9,1108,3.5,1818,10.5,2220,13.17,27.0,7.6,140,2046,5.6,140,2119,2.4,2074,140,17.9,67,0918,82.3,20.7,1002.9,1011.0,0000,1002.5,2318,1007.2,14.3,0.0,0800,0.98,7.2,,,,,,9.0,5.0,23.1,19.6,22.0,22.3,22.7,22.8,22.7,22.2,21.2,18.6,16.7,0.9,1.3,49.0,{비}1050-{비}{강도0}1200-{비}{강도0}1500-{비}{강도0}1800-{비}{강도0}2100-{소나기}2213-{비}2228-{비}{강도1}2400-  {번개}{강도0}(SE)2221.,
165,목포,2003-07-18,22.0,21.0,1028,23.2,0929,4.5,640,7.5,-2336,11.58,23.0,7.6,140,0105,5.6,140,0111,3.2,2765,230,19.6,74,1214,85.9,23.0,996.6,1003.2,2310,998.6,0922,1000.8,14.2,0.4,1200,2.02,8.54,,,,,,9.4,5.0,23.4,20.6,22.5,22.2,22.0,22.1,22.4,22.1,21.6,18.9,16.9,0.9,1.6,1.0,-{비}-{비}{강도0}0300-{비}{강도0}0600-{비}{강도0}0900-0935. {비}1810-1945. {비}2015-2040. {박무}2015-{박무}{강도0}2100-{박무}{강도0}2400-,
165,목포,2003-07-19,24.1,20.6,0548,28.5,1331,3.5,2023,4.5,1933,2.38,4.5,6.1,230,0012,4.3,230,0047,2.1,1814,230,19.8,53,1311,77.1,23.4,1001.0,1006.5,2217,1003.0,0003,1005.3,14.2,8.6,1200,3.32,23.57,,,,,,4.4,3.5,26.4,20.3,25.0,24.1,23.2,22.7,22.5,22.0,21.5,18.8,17.0,3.2,5.0,4.5,-{박무}-0115. {박무}0542-{박무}{강도0}0600-0725. {박무}1318-{박무}{강도0}1500-{박무}{강도0}1800-{박무}{강도0}2100-{박무}{강도0}2400- {비}1825-{소나기}1945-{비}2030-2048. {뇌전}{강도0}(NW 8-10)1953-{뇌전}{강도1}(NW 4-6)2004-{뇌전}{강도0}(NW{이동}W 8-10)2010-2018. ,
165,목포,2003-07-20,24.8,23.3,2315,27.7,1603,0.0,,0.0,,0.47,0.0,7.0,180,1056,4.7,180,1103,2.1,1814,180,21.8,62,1605,83.3,26.5,1003.3,1009.2,2131,1005.7,0158,1007.5,14.2,2.6,1500,2.68,11.76,,,,,,7.4,3.4,27.3,21.6,25.6,25.9,24.5,23.8,22.6,21.8,21.4,19.0,16.9,1.9,2.8,0.0,-{박무}-{박무}{강도0}0300-{박무}{강도0}0600-{박무}{강도0}0900-1015. {비}1152-{비}{강도0}1200-1220.,
165,목포,2003-07-21,24.9,22.5,0219,26.7,1437,0.4,2130,0.4,2115,4.25,0.5,5.5,140,1603,3.5,140,2218,2.2,1901,140,21.9,74,0845,83.3,26.6,1005.3,1011.0,2249,1007.8,0300,1009.5,14.2,1.0,0800,1.42,8.58,,,,,,8.5,5.0,26.8,22.3,25.0,24.5,24.1,23.8,23.0,22.3,21.5,19.0,17.0,1.4,2.1,0.6,{비}1125-{비}{강도0}1200-1320. {비}1825-2015. {비}2115-2145.,
165,목포,2003-07-22,25.4,23.6,0209,27.9,1402,1.0,1750,1.5,1725,11.25,3.5,8.9,250,2400,5.0,180,2315,3.5,3024,180,22.9,70,1408,85.8,28.3,1005.6,1012.0,0523,1007.7,2344,1009.8,14.2,0.0,1300,1.26,7.48,,,,,,10.0,5.6,26.9,23.1,25.3,24.7,24.3,23.9,23.4,22.4,21.5,19.3,17.0,0.8,1.9,9.4,{비}0215-0250. {비}0605-0720. {비}0820-{비}{강도0}0900-1027. {비}1642-{비}{강도0}1800-{비}{강도0}2100-{소나기}2342-{소나기}{강도0}2400-{박무}0342-0520. {뇌전}{강도0}(W 8-10)2335-{뇌전}{강도1}(W{이동}NW 4-6)2347-{뇌전}{강도0}(NW{이동}N 6-8)2355-{뇌전}{강도0}(N 6-8)2400-,
165,목포,2003-07-23,23.9,21.4,2357,27.7,1659,3.5,45,5.5,13,2.58,6.0,13.1,250,0216,7.1,230,0148,2.4,2074,270,21.6,68,1543,86.8,26.1,1005.3,1011.2,2206,1007.0,0132,1009.6,14.1,5.5,1400,2.79,17.08,,,,,,6.1,3.5,27.8,21.3,26.4,26.6,24.9,24.2,23.4,22.2,21.1,19.0,16.9,2.7,3.8,,-{소나기}-{비}0040-0235. -{뇌전}-{뇌전}{강도0}(N{이동}NE8-10)0012-0021.{박무}0248-{박무}{강도0}0300-{박무}{강도2}0600-{시정(미만)}{1km}{안개}0635-{시정(미만)}{0.5km}{안개}0652-{시정(미만)}{0.2km}{안개}0742-{안개}{강도2}0900-{시정(이상)}{0.2km}{안개}0945-{시정(이상)}{0.5km}{안개}1025-{시정(미만)}{1km}{박무}1120-1135.,4.75
165,목포,2003-07-24,25.9,21.4,0000,30.2,1424,,,,,,,5.1,230,1546,3.8,230,1742,2.2,1901,140,23.2,69,1359,85.0,28.8,1006.5,1011.6,0943,1010.1,1457,1010.7,14.1,1.1,1300,2.09,14.75,,,,,,8.4,3.8,28.1,21.0,26.9,26.6,25.2,24.8,23.7,22.6,21.2,19.0,17.0,2.3,3.2,,,
165,목포,2003-07-25,27.6,24.5,2355,32.0,1528,,,,,,,5.1,180,1913,3.6,160,1833,2.1,1814,160,23.3,59,1400,78.0,29.0,1005.4,1011.7,2327,1007.8,1517,1009.6,14.1,6.3,1400,2.98,21.63,,,,,,6.3,5.4,31.1,24.1,28.8,27.7,26.5,25.5,24.2,22.7,21.2,19.0,17.0,3.6,6.0,,,
165,목포,2003-07-26,25.1,22.8,2335,28.5,1314,,,,,,,4.5,140,1454,3.5,140,1459,2.1,1814,140,20.3,62,1133,74.4,24.0,1007.1,1012.7,2300,1010.1,0216,1011.3,14.1,7.2,1200,3.06,21.85,,,,,,7.6,4.1,28.3,22.5,27.4,27.2,26.6,26.0,24.6,22.8,21.3,19.0,17.0,4.2,6.5,,,
165,목포,2003-07-27,23.9,21.7,0611,27.2,1546,,,,,,,4.0,140,1403,2.9,160,0341,1.9,1642,140,18.3,58,1521,70.9,21.2,1006.8,1012.8,0004,1009.8,1805,1011.0,14.0,6.7,1400,2.31,18.88,,,,,,5.9,4.3,26.8,21.5,25.9,26.3,25.7,25.4,24.9,23.1,21.4,19.0,17.1,3.2,4.6,,,
165,목포,2003-07-28,24.1,21.2,0520,26.8,1124,0.2,,0.4,1908,4.2,0.4,6.0,180,2306,4.1,160,2357,2.4,2074,160,19.9,63,1127,77.3,23.5,1002.9,1010.8,0005,1004.1,2341,1007.2,14.0,3.4,1000,2.56,14.53,,,,,,7.5,3.6,25.7,21.0,25.1,24.9,24.8,24.7,24.9,23.2,21.4,19.2,17.2,3.2,5.5,35.0,{비}1623-{비}{강도0}1800-2035.,
165,목포,2003-07-29,24.1,22.8,2141,25.5,1422,7.5,302,21.5,210,8.2,35.0,5.8,160,0019,4.2,180,0021,2.5,2160,360,22.6,80,1627,91.3,27.8,998.4,1004.3,0000,1001.4,1617,1002.6,14.0,0.7,1400,2.47,9.4,,,,,,10.0,5.3,27.5,22.6,25.9,25.5,25.0,24.9,24.8,23.2,21.2,19.0,17.0,1.4,2.0,0.4,{비}0108-{소나기}0210-{소나기}{강도1}0300-{비}0315-{비}{강도1}0600-0720. {비}0820-{비}{강도0}0900-1020.{뇌전}{강도0}(W6-8)0213-{뇌전}{강도1}(W{이동}SW4-6)0221-{뇌전}{강도0}(SW6-8)0230-0242.{박무}0840-{박무}{강도0}0900-{시정(미만)}{1km}{안개}1120-{시정(이상)}{1km}{박무}1145-{박무}{강도1}1200-1325. {박무}1845-{박무}{강도1}2100-{박무}{강도0}2400-,0.42
165,목포,2003-07-30,24.7,22.5,0146,28.1,1532,,,,,,,3.9,20,2041,3.0,20,2118,1.2,1037,270,21.8,65,1455,83.6,26.3,1001.2,1007.1,2323,1003.3,0143,1005.4,14.0,4.2,1400,2.72,15.57,,,,,,7.9,6.1,29.0,22.3,27.4,27.1,25.4,25.2,25.1,23.6,21.5,19.2,17.2,2.4,3.7,,-{박무}-{시정(미만)}{1km}{안개}0047-{시정(미만)}{0.5km}{안개}0135-{안개}{강도1}0300-{시정(이상)}{0.5km}{안개}0540-{안개}{강도0}0600-{시정(이상)}{1km}{박무}0715-0820.,6.47
165,목포,2003-07-31,24.3,22.8,0458,28.1,1349,,,,,,,3.6,270,1438,2.4,270,1449,1.3,1123,160,20.5,63,1521,79.3,24.3,1002.7,1008.1,0923,1005.7,1728,1006.9,13.9,4.5,1200,2.65,17.31,,,,,,6.6,4.5,28.2,22.5,26.8,26.6,25.7,25.3,24.9,23.6,21.9,19.5,17.5,2.9,4.5,,{햇무리}1426-1539.,
165,목포,2003-08-01,24.8,21.5,0407,28.7,1552,,,,,,,4.0,140,0502,2.7,180,1806,1.7,1469,140,19.6,53,1636,73.1,23.0,1001.7,1007.2,0740,1004.5,1808,1005.9,13.9,9.2,1200,3.33,22.85,,,,,,4.4,3.4,27.7,21.0,26.3,26.8,25.9,25.5,24.9,23.3,21.9,19.5,17.5,4.0,5.2,,,
165,목포,2003-08-02,26.8,23.4,0105,30.9,1442,,,,,,,4.6,140,1048,3.3,140,1051,2.0,1728,160,21.9,52,1428,75.0,26.6,1001.9,1007.8,2139,1005.3,0200,1006.1,13.9,6.0,1400,2.97,20.77,,,,,,4.6,4.6,29.6,23.3,27.7,27.4,26.3,25.9,25.3,23.7,22.1,19.5,17.6,4.2,5.5,,,
165,목포,2003-08-03,28.0,26.0,0542,31.0,1400,,,,,,,5.3,230,1430,4.1,230,1433,2.4,2074,160,24.3,65,1409,80.3,30.7,1003.9,1009.6,2252,1007.0,0210,1008.1,13.9,5.9,1400,2.65,18.58,,,,,,6.8,4.4,30.5,25.5,28.7,28.1,27.0,26.5,25.6,24.0,22.5,19.7,17.6,4.0,5.5,,{박무}0442-{박무}{강도0}0600-0725.,
165,목포,2003-08-04,28.0,26.0,0444,31.4,1514,,,,,,,3.7,320,1641,3.1,320,1648,1.3,1123,270,24.6,63,1548,82.0,31.3,1005.5,1010.8,2323,1008.5,0248,1009.7,13.8,6.5,1300,3.17,20.5,,,,,,6.6,4.4,31.4,25.8,30.3,29.2,27.7,27.1,25.8,23.8,22.1,19.6,17.5,4.4,5.8,,,
165,목포,2003-08-05,28.0,25.1,0454,31.8,1258,0.5,1409,1.0,1325,1.42,1.5,4.3,230,1321,3.1,140,2400,1.3,1123,140,23.4,58,1226,76.8,29.2,1005.5,1010.9,0715,1008.3,1747,1009.6,13.8,5.8,1100,2.95,18.51,,,,,,4.9,3.5,30.4,24.9,29.1,29.3,28.1,27.3,25.8,23.8,22.0,19.6,17.5,2.6,3.9,1.5, {박무}0543-{박무}{강도0}0600-0635. {소나기}1325-1425. {소나기}1725-1750.,
165,목포,2003-08-06,28.0,24.6,0506,31.6,1503,,,,,,,5.5,140,0828,3.9,160,0933,2.3,1987,160,23.0,57,1422,74.4,28.4,1003.0,1008.9,0000,1006.0,1506,1007.1,13.8,10.0,1400,2.99,22.89,,,,,,3.3,2.4,30.3,24.2,29.1,28.3,27.8,27.4,25.6,23.7,22.0,19.6,17.5,3.7,5.4,2.5,{박무}0435-{박무}{강도0}0600-0625.,
165,목포,2003-08-07,23.8,20.4,0708,27.0,0000,5.0,949,10.0,931,7.92,23.0,8.4,340,0611,4.7,140,1302,1.6,1382,50,21.5,70,1702,86.8,26.0,999.8,1007.7,0939,1001.4,2355,1004.0,13.7,3.9,1500,2.45,9.06,,,,,,6.1,3.4,26.8,20.0,25.7,26.0,26.6,26.6,25.5,23.6,22.0,19.6,17.5,2.0,3.1,20.5,{비}0630-{비}{강도0}0900-{소나기}1045-{비}1105-{비}{강도1}1200-1425. {천둥}{강도0}(SE)1050-1055.,
165,목포,2003-08-08,23.8,20.9,0316,27.1,1301,,,,,,,6.5,360,1630,5.1,360,1639,3.1,2678,360,20.3,66,1001,80.8,24.0,993.3,1001.4,0000,995.5,1610,997.5,13.7,11.5,1200,3.35,25.69,,,,,,3.1,3.1,27.5,20.5,26.0,26.4,25.9,26.0,25.6,23.6,22.0,19.6,17.5,3.6,4.9,,,
165,목포,2003-08-09,24.5,21.9,0205,27.4,1537,,,,,,,5.6,320,1539,4.2,320,1548,2.1,1814,360,20.6,61,1116,78.9,24.6,995.1,1002.4,2354,996.6,0142,999.3,13.7,9.7,1000,2.87,21.39,,,,,,4.3,3.1,27.2,20.7,26.1,26.2,25.8,25.9,25.6,23.3,22.0,19.6,17.5,3.0,4.7,,,
165,목포,2003-08-10,24.5,22.0,0424,29.4,1203,1.0,1858,1.5,1826,6.17,3.0,5.1,20,1759,3.8,20,1804,1.1,950,50,20.6,53,1210,79.9,24.5,999.2,1005.3,2259,1002.0,0310,1003.4,13.7,5.2,1100,2.75,15.37,,,,,,6.4,2.1,27.2,20.0,26.0,26.2,26.0,25.6,25.5,23.6,22.5,19.6,17.5,1.6,2.3,12.5,{비}1750-{비}{강도0}1800-{비}{강도0}2100-{비}{강도0}2400- {박무}1830-{박무}{강도0}2100-{박무}{강도0}2400-,
165,목포,2003-08-11,23.4,21.3,0414,26.3,1224,1.5,49,4.5,312,7.5,9.5,5.1,360,1645,3.8,360,1646,1.7,1469,360,20.7,71,1214,84.8,24.6,1001.5,1009.4,2331,1002.6,0506,1005.7,13.6,0.8,0900,1.81,11.57,,,,,,9.1,4.0,26.5,21.0,25.2,25.0,25.3,25.6,25.6,24.0,22.8,19.8,17.6,1.6,2.1,,-{비}-{비}{강도0}0300-{비}{강도0}0600-0730. -{박무}-{박무}{강도0}0300-{박무}{강도0}0600-0745.,
165,목포,2003-08-12,23.9,20.9,0519,27.4,1536,,,,,,,3.8,360,1340,2.7,360,0219,1.3,1123,50,20.0,63,1646,79.0,23.6,1006.7,1012.4,2146,1008.9,0251,1010.9,13.6,3.4,1500,1.86,14.19,,,,,,6.9,5.5,27.1,20.2,25.1,24.9,25.0,25.2,25.4,23.9,22.9,19.6,17.7,1.9,2.6,,,
165,목포,2003-08-13,22.9,20.4,0524,25.6,1442,0.0,,0.0,,3.38,0.0,2.2,180,1722,1.4,160,1731,0.5,432,140,17.9,60,1822,73.4,20.7,1007.2,1012.5,0007,1010.6,1800,1011.5,13.6,0.3,1300,1.13,7.2,,,,,,7.9,5.9,24.7,18.7,24.4,24.0,24.4,24.8,25.2,23.9,22.8,19.6,17.5,1.7,2.5,0.0,{비}1125-{비}{강도0}1200-1205. {비}1320-1420. {비}1557-1740.,
165,목포,2003-08-14,24.5,20.1,0550,29.7,1505,,,,,,,3.5,20,1547,2.6,20,1551,0.8,691,50,18.0,41,1506,68.3,20.8,1006.3,1011.7,2319,1009.0,1515,1010.5,13.5,9.6,1100,3.29,24.35,,,,,,3.4,2.4,27.7,18.3,25.6,25.5,24.7,24.8,24.9,24.0,22.9,19.7,17.7,4.2,5.5,,,
165,목포,2003-08-15,24.6,19.5,0552,30.6,1548,,,,,,,4.5,140,2318,2.5,140,2322,1.0,864,70,15.8,36,1543,59.0,18.1,1007.6,1013.2,2141,1010.3,1515,1011.8,13.5,9.8,1200,3.47,24.95,,,,,,3.6,1.4,27.5,18.6,25.7,25.2,25.3,25.2,24.9,24.0,22.9,20.0,18.0,4.3,6.0,5.0,,
165,목포,2003-08-16,21.7,20.0,0845,24.2,0000,2.0,839,8.0,834,8.62,15.0,5.9,160,1501,3.6,160,1502,0.9,778,90,18.6,57,0000,82.4,21.7,1008.7,1014.3,1039,1011.3,0310,1013.0,13.5,0.0,1300,0.77,5.24,,,,,,9.8,4.4,23.6,19.8,23.0,23.5,24.3,24.7,24.9,23.7,22.6,19.8,17.8,0.9,1.5,10.1,{비}0445-{비}{강도0}0600-0634. {비}0826-{비}{강도1}0900-{비}{강도0}1200-1424. {비}1530-1620.,
165,목포,2003-08-17,22.5,21.4,0556,25.4,0958,5.5,1739,16.0,1706,16.38,32.0,2.9,140,1209,2.0,140,1216,0.7,605,70,20.2,71,0906,86.4,24.0,1009.9,1014.9,2129,1013.4,0441,1014.1,13.4,0.6,0900,1.7,6.39,,,,,,9.6,4.3,25.4,21.0,23.7,23.7,23.7,24.0,24.4,24.0,22.9,20.0,18.0,0.8,1.4,43.4,{비}0212-{비}{강도0}0300-{비}{강도0}0600-0620. {비}1145-{비}{강도0}1200-{비}{강도0}1500-{비}{강도2}1800-{비}{강도0}2100-{비}{강도0}2400- ,
165,목포,2003-08-18,23.0,21.4,0000,24.7,2351,9.5,1907,30.0,1845,17.42,59.0,3.7,180,2216,2.6,180,2351,0.9,778,50,21.9,88,1545,93.1,26.7,1007.3,1014.1,0000,1010.3,1616,1011.5,13.4,0.0,1300,0.86,4.68,,,,,,10.0,5.8,25.3,21.2,23.8,23.4,23.3,23.7,24.0,24.1,22.9,20.0,18.0,0.7,1.2,69.5,-{비}-{비}{강도0}0300-0352. {비}0518-{비}{강도0}0600-{비}{강도0}0900-{비}{강도0}1200-1326. {비}1718-{비}{강도0}1800-{비}{강도0}2100-2213. {비}2308-2338.{박무}0425-{박무}{강도0}0600-{박무}{강도1}0900-{박무}{강도1}1200-{박무}{강도0}1500-{박무}{강도1}1800-{박무}{강도0}2100-2245.,
165,목포,2003-08-19,26.9,23.3,0257,30.1,1520,5.5,229,17.0,139,6.38,22.0,4.5,230,1520,2.9,180,0121,1.6,1382,180,23.2,66,1158,80.3,28.7,1006.6,1011.8,2056,1009.5,0502,1010.8,13.4,6.0,0900,2.27,18.54,,,,,,5.8,4.3,29.3,23.0,27.3,26.3,25.5,24.8,24.5,24.4,23.2,20.2,18.0,2.5,3.9,,{비}0056-{비}{강도1}0300-{비}{강도0}0600-0719.,
165,목포,2003-08-20,27.6,25.0,0602,30.6,1634,2.0,1247,5.4,1210,2.3,5.5,4.0,200,1748,2.6,180,1101,1.6,1382,160,23.8,62,1636,79.8,29.8,1008.6,1015.2,2243,1010.9,0201,1012.8,13.3,4.5,1400,2.29,14.12,,,,,,6.0,4.1,29.6,24.2,28.3,26.6,26.2,25.7,24.8,24.5,23.2,20.4,18.2,1.3,1.8,5.5,{소나기}0932-0943. {소나기}1026-1108. {소나기}1210-1335. {천둥}{강도0}(SW)1218-{뇌전}{강도0}(SW 8-10)1227-{뇌전}{강도0}(SW{이동}S 8-10)1238-1245.,
165,목포,2003-08-21,28.3,26.0,0427,31.3,1447,,,,,,,3.7,230,1630,2.7,230,1634,1.3,1123,140,24.4,63,1242,79.6,30.9,1011.7,1016.9,1025,1014.7,1601,1015.9,13.3,1.1,1000,1.91,13.04,,,,,,7.3,3.9,29.9,25.7,28.0,27.2,26.6,26.2,25.0,24.1,22.9,20.5,18.3,2.0,3.2,,,
165,목포,2003-08-22,27.7,25.5,0601,31.2,1358,,,,,,,4.6,270,1426,3.0,270,1404,1.7,1469,160,23.1,57,1251,76.6,28.6,1011.0,1017.2,0727,1013.4,1627,1015.3,13.3,8.8,1100,3.19,23.48,,,,,,5.0,4.0,30.0,25.4,28.9,28.3,26.9,26.6,25.4,24.3,22.8,20.6,18.3,4.3,6.0,,,
165,목포,2003-08-23,27.4,25.4,0613,30.3,1447,,,,,,,3.7,270,1445,2.5,180,2200,1.7,1469,180,23.1,62,1448,77.5,28.5,1007.7,1013.8,0007,1010.1,1633,1011.9,13.2,7.9,1200,3.03,20.24,,,,,,5.9,4.6,29.9,24.8,28.3,27.9,27.0,27.0,25.8,24.7,23.2,21.0,18.4,3.2,4.5,,,
165,목포,2003-08-24,27.9,25.3,0422,30.4,1258,0.2,,0.2,,0.22,0.2,5.3,250,1226,3.8,250,1232,2.2,1901,180,23.1,63,1448,75.4,28.7,1004.5,1010.9,0000,1007.1,1527,1008.6,13.2,4.0,1200,2.43,15.53,,,,,,6.4,5.4,29.3,24.5,27.8,27.4,27.3,26.9,26.2,24.8,23.4,21.1,18.5,3.2,4.6,66.7,{소나기}2312-2325.,
165,목포,2003-08-25,24.7,22.7,2338,27.6,0000,9.0,429,25.0,410,7.67,69.0,6.8,250,0725,3.7,270,0835,1.8,1555,230,22.4,77,0027,86.8,27.4,1003.4,1009.9,2345,1006.2,0459,1007.6,13.2,0.2,1400,1.22,8.17,,,,,,8.4,5.0,27.2,21.8,26.2,25.9,26.4,26.4,26.1,24.9,23.5,21.0,18.5,1.7,2.3,2.5,{비}0310-{비}{강도2}0600-{비}{강도1}0900-1035. {비}1120-1135.,
165,목포,2003-08-26,24.3,21.3,0527,26.4,1354,0.0,,0.0,,0.08,0.0,4.4,140,2240,2.8,140,2240,0.8,691,50,21.9,75,1024,86.1,26.5,1004.9,1010.7,1227,1007.6,0455,1009.2,13.1,0.3,0900,1.7,7.84,,,,,,8.1,3.6,26.4,21.0,25.2,25.3,25.4,25.6,25.8,25.2,23.7,21.0,18.5,2.4,3.6,77.0,{박무}0215-{박무}{강도0}0300-{박무}{강도1}0600-{시정(미만)}{1km}{안개}0610-{시정(이상)}{1km}{박무}0645-{박무}{강도0}0900-0948. {비}2355-{비}{강도0}2400-,0.58
165,목포,2003-08-27,24.7,22.0,0531,27.8,2158,16.0,441,47.5,428,13.65,104.0,6.5,20,0524,4.3,250,2232,2.6,2246,140,22.2,77,1632,85.8,27.0,1000.1,1009.6,0024,1001.5,1852,1004.3,13.1,0.7,1400,1.43,6.62,,,,,,9.3,6.5,26.7,21.8,24.7,24.5,24.8,25.0,25.4,25.1,23.5,21.0,18.5,1.2,2.0,27.0,-{비}-{소나기}0228-{비}0255-{비}{강도1}0300-{소나기}0312-{소나기}{강도2}0600-{비}0653-{비}{강도0}0900-{소나기}1107-{소나기}{강도1}1200-{비}1315-1339.{뇌전}{강도0}(W8-10)0235-0245. {뇌전}{강도0}(SW8-10)0325-{뇌전}{강도1}(SW5-7)0336-{뇌전}{강도2}(SW2-4)0340-{뇌전}{강도1}(SW5-7)0350-{뇌전}{강도1}(SW{이동}S4-6)0402-0417.{뇌전}{강도1}(SW4-6)0440-{뇌전}{강도2}(SW2-4)0455-{뇌전}{강도2}(SW{이동}S2-4)0518-{뇌전}{강도1}(S4-6)0535-{뇌전}{강도1}(S4-6)0600-{뇌전}{강도0}(S6-8)0615-0630. {뇌전}{강도1}(NW4-6)1147-{뇌전}{강도2}(NW{이동}W2-4)1157-{뇌전}{강도2}(W2-4)1200-{뇌전}{강도0}(W6-8)1203-1218. {뇌전}{강도0}(N8-10)1249-{뇌전}{강도0}(N{이동}NW6-8)1253- {뇌전}{강도0}(NW8-10)1258-1307.,
165,목포,2003-08-28,24.4,22.0,2325,26.9,1321,0.0,,0.0,,0.5,0.0,5.2,290,0257,3.5,270,0154,1.8,1555,290,20.5,63,1634,78.8,24.3,1003.0,1010.5,2353,1002.8,0000,1007.2,13.1,5.6,1200,2.29,16.86,,,,,,5.6,4.4,27.0,20.8,25.9,25.7,25.5,25.3,24.9,25.0,23.5,21.0,18.5,2.5,3.7,0.0,{비}0850-{비}{강도0}0900-0920.,
165,목포,2003-08-29,22.9,21.0,2237,27.2,1039,0.2,1837,0.5,1837,6.38,0.5,4.6,20,1421,3.6,360,1426,1.6,1382,360,20.1,64,1044,83.8,23.7,1007.0,1012.6,2356,1009.7,0122,1011.3,13.0,3.7,1000,2.81,12.85,,,,,,8.5,2.5,25.4,20.4,24.6,24.8,25.2,25.2,25.0,25.2,23.5,21.0,18.5,1.7,2.5,8.0,{비}1415-{비}{강도0}1500-1516. {비}1638-{비}{강도0}1800-{비}{강도0}2100-2150. {비}2350-{비}{강도0}2400-,
165,목포,2003-08-30,20.6,19.4,0209,21.8,1445,4.0,1236,5.5,1206,18.87,24.0,3.7,360,2354,2.7,360,2400,0.7,605,50,19.3,83,0454,91.6,22.6,1004.8,1012.7,0011,1007.1,1939,1009.1,13.0,0.0,1300,0.5,3.13,,,,,,10.0,5.3,23.8,19.0,22.8,23.0,23.9,24.3,24.9,24.7,23.4,21.1,18.5,1.6,2.0,17.0,-{비}-{비}{강도0}0300-0342. {비}0445-{비}{강도0}0600-{비}{강도0}0900-{비}{강도0}1200-{비}{강도1}1500-1720. {비}2125-{비}{강도0}2400-,
165,목포,2003-08-31,20.9,19.4,2353,23.5,1703,0.2,,0.4,0,3.05,0.5,3.9,360,0744,3.1,360,1711,2.1,1814,360,18.1,71,1344,83.4,20.9,1006.5,1013.4,2208,1008.2,0505,1010.8,13.0,2.3,1300,1.73,9.49,,,,,,7.3,4.0,23.7,18.7,22.6,22.8,23.2,23.7,24.6,24.4,23.1,21.0,18.5,1.6,2.0,,-{비}-0230. {비}0510-0543.,
165,목포,2003-09-01,23.2,18.8,0618,27.7,1426,,,,,,,3.1,270,1235,2.0,270,1239,0.7,605,50,19.4,57,1432,79.5,22.8,1009.7,1015.3,2312,1012.8,0121,1014.0,12.9,7.9,1200,3.3,20.12,,,,,,5.5,4.6,26.4,18.5,24.7,24.1,23.8,23.9,24.3,24.4,23.3,21.1,18.7,2.2,3.2,0.0,,
165,목포,2003-09-02,24.4,22.9,0345,26.6,0953,21.5,1232,29.0,1201,5.55,34.5,6.6,320,1233,3.9,340,1240,0.6,518,50,22.5,79,0941,88.9,27.5,1011.2,1017.4,2343,1013.0,1121,1015.4,12.9,0.3,0900,0.78,5.42,,,,,,6.6,5.0,26.4,22.3,24.9,24.6,24.7,24.7,24.4,24.1,23.3,21.3,18.8,1.0,1.8,34.5,{비}0827-{비}{강도0}0900-{소나기}1046-{비}1150-{비}{강도1}1200-{소나기}1225-{비}1305-1342. {비}1457-{비}{강도0}1500-1515. {박무}2320-{박무}{강도0}2400- {천둥}{강도0}(NW)1054-1112. {뇌전}{강도0}(NW 7-9)1235-1254.,
165,목포,2003-09-03,24.5,22.6,2358,26.6,1309,5.5,1532,8.0,1456,5.72,11.0,4.2,20,2150,3.2,20,2153,1.1,950,160,22.8,83,1925,89.9,28.1,1013.4,1018.8,1028,1016.7,0152,1017.6,12.9,0.0,0900,0.97,6.8,,,,,,7.6,5.1,26.8,22.4,25.6,25.2,25.0,24.8,24.4,24.0,23.1,21.3,18.8,1.1,1.6,11.0,-{박무}-{박무}{강도0}0300-{박무}{강도0}0600-0635. {비}1108-{소나기}1118-{비}1145-{비}{강도0}1200-{비}{강도0}1500-1623. {비}1956-2024. {번개}{강도0}(W)1128-1138.,
165,목포,2003-09-04,26.4,22.4,0045,31.0,1551,,,,,,,2.8,270,1524,2.0,270,1525,0.8,691,270,22.5,63,1333,79.5,27.6,1011.6,1018.3,0000,1014.1,1735,1015.8,12.8,11.2,1200,3.21,22.86,,,,,,3.1,2.0,29.7,22.2,27.7,26.6,25.7,25.3,24.8,24.3,23.1,21.4,18.9,3.1,4.3,,,
165,목포,2003-09-05,26.2,23.6,2120,29.7,1439,17.0,2043,26.5,2036,3.5,32.0,5.1,230,1418,3.6,230,1343,2.0,1728,230,23.3,69,1032,84.1,28.9,1007.7,1014.6,0000,1010.1,1532,1012.0,12.8,6.3,1400,2.62,17.7,,,,,,7.1,3.5,29.2,23.2,27.4,26.9,26.6,26.1,25.2,24.1,23.4,21.3,19.0,2.5,3.2,33.0,{소나기}2030-{소나기}{강도2}2100-{비}2240-{비}{강도1}2400- {뇌전}{강도1}(N 4-6)2042-{뇌전}{강도1}(N 4-6)2100-{뇌전}{강도2}(N 2-4)2115-{뇌전}{강도2}(N{이동}NE 2-4)2126-{뇌전}{강도2}(NE{이동}E 2-4)2140-{뇌전}{강도1}(E 5-7)2155-{뇌전}{강도1}(E{이동}SE 5-7)2208-{뇌전}{강도0}(SE 8-10)2220-2230.,
165,목포,2003-09-06,24.5,22.8,0644,28.5,1536,1.0,40,4.5,-2330,1.5,1.0,2.8,340,0224,2.2,360,0234,1.2,1037,20,21.0,57,1617,80.8,25.1,1007.7,1013.1,1033,1011.2,1522,1012.0,12.8,4.4,1300,2.99,16.23,,,,,,7.1,4.6,28.6,22.6,26.9,26.4,26.5,26.0,25.5,23.7,23.4,21.0,18.7,2.9,4.0,,-{비}-0130.,
165,목포,2003-09-07,26.8,22.3,0153,30.6,1440,,,,,,,4.1,160,2046,3.0,160,2049,1.5,1296,160,22.0,59,1441,75.1,26.8,1006.3,1012.0,0000,1008.8,1906,1010.5,12.7,6.5,1100,2.51,17.62,,,,,,6.1,3.1,28.9,22.2,27.1,26.5,26.4,26.1,25.5,24.7,23.4,21.3,19.0,3.2,4.6,13.0,,
165,목포,2003-09-08,25.5,23.8,2325,28.7,1437,5.5,538,7.5,518,4.08,13.0,5.7,270,0547,3.3,290,0557,1.3,1123,360,22.3,64,1439,82.5,27.3,1006.8,1012.3,1010,1009.3,0249,1011.0,12.7,5.6,1300,2.73,15.82,,,,,,6.9,4.5,29.0,23.5,27.6,27.1,26.6,26.3,25.7,24.7,23.4,21.4,19.0,1.8,2.9,0.5,{소나기}0203-{비}0250-{비}{강도0}0300-0426. {비}0518-{비}{강도1}0600-0642. {비}1023-1041. {뇌전}{강도0}(NW8-10)0105-{뇌전}{강도0}(NW{이동}W8-10)0125-0140. {뇌전}{강도1}(NE4-6)0210-{뇌전}{강도0}(NE8-10)0225-0245.  ,
165,목포,2003-09-09,24.6,22.1,2357,28.9,1132,1.5,1400,1.5,1400,2.35,2.0,5.8,230,1419,3.6,360,1746,1.4,1210,20,21.6,67,1150,83.4,26.2,1005.0,1011.5,0000,1007.1,1446,1009.2,12.7,1.3,1100,1.84,10.48,,,,,,8.6,6.0,27.7,21.9,26.3,26.4,26.3,26.3,25.9,25.0,23.5,21.4,19.0,0.7,1.0,1.5,{소나기}0430-0515. {비}1327-{비}{강도0}1500-1503.,
165,목포,2003-09-10,22.2,20.8,0642,23.8,1348,0.2,1720,0.3,1630,6.05,0.5,4.1,20,0306,2.9,360,0311,1.4,1210,20,19.5,72,1013,84.0,22.9,1006.3,1012.0,2136,1008.6,0426,1010.5,12.6,0.0,1000,1.1,6.51,,,,,,9.5,3.8,24.8,20.6,24.1,24.3,24.9,25.3,25.8,24.7,23.4,21.3,19.0,0.8,1.2,1.0,{비}0709-0742. {비}0838-{비}{강도0}0900-0902. {비}1255-1325. {비}1421-{비}{강도0}1500-{비}{강도0}1800-1832. {비}1953-2018. ,
165,목포,2003-09-11,22.8,20.6,0544,24.6,1115,0.5,440,0.5,428,6.87,2.0,2.7,20,0001,1.8,360,0955,0.7,605,50,19.5,66,1118,81.5,22.9,1006.2,1012.5,1042,1008.7,2356,1010.5,12.6,0.0,1400,1.15,8.22,,,,,,10.0,4.9,25.7,20.3,23.9,23.9,24.3,24.8,25.5,24.4,23.4,21.2,19.1,0.6,1.1,7.5,{비}0428-{비}{강도0}0600-0645. {비}1125-{비}{강도0}1200-1325. {비}2125-{비}{강도0}2400-,
165,목포,2003-09-12,22.9,21.5,0544,24.1,0903,5.0,1136,14.5,1120,20.0,60.0,28.9,20,1836,20.8,360,1840,6.5,5616,50,21.4,84,0857,90.6,25.7,995.3,1008.7,0000,987.8,1833,999.5,12.5,0.1,0800,0.77,3.19,,,,,,9.5,5.9,25.1,21.3,23.6,23.4,24.0,24.4,25.1,24.5,23.4,21.3,19.1,0.8,1.2,54.5,-{비}-{비}{강도0}0300-{비}{강도0}0600-0625. {비}0933-{비}{강도1}1200-{비}{강도0}1500-{비}{강도0}1800-{비}{강도1}2100-2308. {폭풍}1637-1646. {폭풍}1701-1724. {폭풍}1727-2119. {폭풍}2207-2258.,
165,목포,2003-09-13,23.6,22.1,0751,26.6,1515,0.3,330,0.3,330,2.17,0.5,11.6,320,0052,6.1,290,0058,2.4,2074,290,18.5,44,1305,74.1,21.6,1005.5,1013.4,2400,999.5,0000,1009.8,12.5,8.1,1200,3.22,20.74,,,,,,5.6,3.4,25.9,20.6,24.6,24.5,24.3,24.4,24.7,24.3,23.4,21.4,19.1,3.3,4.5,,{비}0330-0540.,
165,목포,2003-09-14,23.4,20.9,0645,27.4,1245,,,,,,,3.6,320,1544,2.6,290,1531,0.8,691,250,18.1,41,1507,73.6,21.1,1010.8,1016.3,1018,1013.4,0000,1015.1,12.5,9.2,1200,2.9,20.19,,,,,,3.0,2.6,26.0,18.3,24.5,24.3,24.4,24.6,24.5,24.2,23.5,21.6,19.3,3.0,4.7,,{박무}0225-{박무}{강도0}0300-{박무}{강도0}0600-{박무}{강도0}0900-1125.,
165,목포,2003-09-15,23.1,18.4,0545,27.7,1345,,,,,,,3.1,160,1406,1.8,160,1351,0.9,778,160,17.8,47,1346,72.4,20.5,1011.7,1017.4,1004,1015.1,1457,1016.0,12.4,8.8,1100,2.81,19.45,,,,,,3.0,1.1,26.0,18.0,24.1,24.1,24.2,24.5,24.4,24.1,23.4,21.6,19.3,4.3,5.5,,{박무}0318-{박무}{강도0}0600-{박무}{강도0}0900-{박무}{강도0}1200-{박무}{강도0}1500-{박무}{강도0}1800-{박무}{강도0}2100-{박무}{강도0}2400-,
165,목포,2003-09-16,24.3,20.2,0622,28.8,1400,,,,,,,3.1,230,1607,2.1,230,1605,0.8,691,140,19.6,53,1303,75.6,23.1,1011.0,1016.2,0953,1013.4,1548,1015.2,12.4,8.1,1200,2.77,19.04,,,,,,3.9,3.1,26.9,20.0,25.0,24.6,24.6,24.7,24.7,24.3,23.2,21.5,19.3,2.5,4.0,,-{박무}-{박무}{강도0}0300-{박무}{강도0}0600-{박무}{강도0}0900-{박무}{강도0}1200-{박무}{강도0}1500-{박무}{강도0}1800-{박무}{강도0}2100-{박무}{강도0}2400-,
165,목포,2003-09-17,24.2,21.1,0627,29.2,1554,,,,,,,2.5,290,1400,1.8,180,2302,0.7,605,270,20.7,59,1539,81.4,24.7,1010.1,1015.9,0659,1012.6,1535,1014.4,12.4,7.4,1200,2.69,18.25,,,,,,5.0,5.0,27.6,20.5,25.8,25.5,25.2,25.1,24.8,24.2,23.0,21.4,19.2,2.1,3.3,,-{박무}-{박무}{강도0}0300-{시정(미만)}{1km}{안개}0448-{시정(미만)}{0.5km}{안개}0516-{안개}{강도1}0600-{시정(미만)}{0.2km}{안개}0713-{시정(미만)}{0.1km}{안개}0739-{시정(이상)}{0.1km}{안개}0811-{시정(이상)}{0.2km}{안개}0826-{시정(이상)}{0.5km}{안개}0834-{시정(이상)}{1km}{박무}0849-{박무}{강도2}0900-{박무}{강도0}1200-{박무}{강도0}1500-1725.,4.02
165,목포,2003-09-18,24.3,22.8,0427,26.6,1139,4.0,2104,6.0,2046,7.4,13.0,4.2,230,1524,3.1,230,1529,1.7,1469,180,21.8,75,1011,85.8,26.4,1005.6,1013.6,0000,1007.6,1857,1009.9,12.3,0.5,1000,1.5,6.76,,,,,,8.3,4.9,25.9,22.7,24.3,24.8,24.7,25.0,24.9,24.2,23.1,21.5,19.3,2.0,2.8,13.0,{박무}0515-{박무}{강도0}0600-{박무}{강도0}0900-0913. {박무}2025-{박무}{강도0}2100-{박무}{강도1}2400-{비}1231-{비}{강도0}1500-1732. {비}1827-2004. {비}2046-{비}{강도0}2100-2132.,
165,목포,2003-09-19,23.3,21.4,0505,26.7,1533,,,,,,,3.4,160,1633,2.2,320,0039,1.3,1123,20,19.6,66,1801,79.6,23.1,1005.7,1012.1,2155,1008.5,0232,1010.0,12.3,1.1,1000,2.09,9.96,,,,,,7.3,6.0,25.6,21.0,24.6,24.5,24.7,24.8,25.0,24.4,23.2,21.6,19.4,1.9,3.0,,-{박무}-0138.,
165,목포,2003-09-20,21.3,17.7,2357,24.0,1159,0.5,1735,0.5,1735,0.83,0.5,1.6,110,0239,0.9,360,1246,0.4,346,70,17.1,61,0920,76.6,19.7,1006.1,1011.7,2335,1008.7,1459,1010.4,12.3,0.8,1100,1.4,8.66,,,,,,8.3,6.0,24.4,17.2,23.5,23.6,24.2,24.5,24.6,24.2,23.2,21.5,19.4,1.3,2.0,0.5,{소나기}1735-{소나기}{강도0}1800-1825.,
165,목포,2003-09-21,19.7,15.0,0612,24.7,1407,,,,,,,6.6,340,1723,3.7,360,1710,1.2,1037,50,13.0,38,1247,65.4,15.0,1009.0,1015.5,2318,1011.6,0000,1013.3,12.2,11.5,1200,3.15,22.75,,,,,,1.0,1.0,23.1,13.5,22.2,22.3,23.1,23.8,24.3,24.2,23.2,21.5,19.4,3.8,5.0,,,
165,목포,2003-09-22,19.7,15.3,0639,23.9,1455,,,,,,,2.7,250,1843,1.7,250,1917,0.7,605,250,11.5,37,1437,59.9,13.6,1012.4,1018.6,2356,1015.0,0109,1016.7,12.2,11.5,1200,3.07,22.3,,,,,,1.1,1.1,22.7,13.4,21.8,22.0,22.7,23.4,24.2,24.0,23.2,21.5,19.5,3.3,4.6,,,
165,목포,2003-09-23,19.7,14.5,0647,25.4,1435,,,,,,,3.6,360,1706,2.4,360,1617,0.8,691,360,9.2,26,1401,52.0,11.7,1015.0,1020.4,2332,1018.1,1454,1019.3,12.1,11.5,1200,3.12,22.32,,,,,,1.6,1.6,22.2,12.3,21.4,21.7,22.0,22.9,23.8,23.7,22.9,21.5,19.5,3.3,4.5,,,
165,목포,2003-09-24,19.8,16.3,0621,25.0,1607,,,,,,,2.8,20,1618,1.8,360,1713,0.7,605,20,12.1,33,1500,61.8,14.2,1014.7,1020.6,0820,1017.6,1634,1019.0,12.1,6.2,1200,2.68,15.42,,,,,,3.4,2.9,21.2,13.6,20.7,21.5,22.0,22.8,23.4,23.5,22.9,21.4,19.5,2.9,3.8,,,
165,목포,2003-09-25,19.8,15.3,0647,25.3,1420,,,,,,,6.5,20,1716,5.2,20,1700,2.7,2316,20,13.5,32,1440,66.1,15.7,1014.3,1020.9,1048,1017.1,1612,1018.8,12.1,7.3,1500,3.64,17.7,,,,,,0.0,0.0,22.1,14.1,21.8,21.4,22.0,22.6,23.2,23.6,23.0,21.5,19.5,2.9,4.1,,,
165,목포,2003-09-26,20.2,15.9,0634,25.8,1449,,,,,,,10.4,20,1448,7.7,360,1700,3.6,3110,360,16.0,47,1431,77.4,18.3,1012.2,1018.8,0817,1014.5,1740,1016.5,12.0,8.7,1300,3.54,17.23,,,,,,1.3,0.0,23.0,14.6,22.6,22.2,22.4,22.9,23.0,23.3,22.8,21.5,19.5,2.1,3.8,,{박무}0532-{박무}{강도0}0600-{박무}{강도0}0900-1135.,
165,목포,2003-09-27,20.7,16.2,0445,26.0,1503,,,,,,,6.2,360,1736,4.9,320,1710,2.4,2074,50,15.9,46,1429,75.1,18.2,1009.3,1015.3,0000,1012.1,1527,1013.6,12.0,10.5,1200,3.9,19.95,,,,,,1.0,0.0,21.9,12.4,22.8,22.8,22.7,23.0,23.1,23.2,22.6,21.4,19.5,2.9,4.3,,{박무}0425-{박무}{강도0}0600-{박무}{강도0}0900-{박무}{강도0}1200-{박무}{강도0}1500-{박무}{강도0}1800-{박무}{강도0}2100-{박무}{강도0}2400-,
165,목포,2003-09-28,20.2,17.1,0634,25.0,1313,,,,,,,9.0,340,1615,7.2,360,1649,2.9,2506,360,16.7,49,1617,80.4,19.1,1009.4,1014.7,0909,1012.5,1520,1013.7,12.0,9.9,1200,4.04,18.73,,,,,,2.8,1.4,21.0,13.8,22.9,23.0,22.9,23.2,23.2,23.1,22.5,21.4,19.5,2.3,3.8,,-{박무}-{박무}{강도0}0300-{박무}{강도0}0600-{박무}{강도0}0900-{박무}{강도0}1200-1221. {박무}1313-{박무}{강도0}1500-{박무}{강도0}1800-1824.,
165,목포,2003-09-29,20.0,16.0,0609,24.8,1330,,,,,,,11.0,360,1717,7.9,360,1737,3.5,3024,50,15.1,49,1223,74.0,17.2,1010.2,1015.8,2331,1012.8,1527,1014.5,11.9,10.9,1200,4.03,20.47,,,,,,0.6,0.4,21.0,13.7,22.7,22.5,22.8,23.2,23.3,23.2,22.6,21.5,19.6,2.5,4.2,,{박무}0532-{박무}{강도0}0600-{박무}{강도0}0900-1045.,
165,목포,2003-09-30,20.2,17.4,0630,24.6,1344,,,,,,,8.3,180,1853,5.9,230,1430,3.8,3283,180,13.9,49,1208,67.3,16.0,1011.9,1018.0,0954,1015.0,1823,1016.2,11.9,10.4,1100,3.9,19.24,,,,,,2.9,2.3,20.5,14.9,22.4,22.8,22.9,23.4,23.2,23.4,22.5,21.3,19.5,3.7,4.8,0.0,,
165,목포,2003-10-01,18.6,17.2,0623,21.2,1249,4.0,1302,8.3,1242,2.38,8.5,12.8,290,1302,6.9,160,0936,3.3,2851,140,15.5,72,0028,81.4,17.7,1010.5,1016.1,0751,1013.4,1503,1014.8,11.9,0.0,1100,0.68,2.61,,,,,,9.3,5.5,18.0,16.1,20.2,20.7,21.8,22.7,23.5,23.6,22.7,21.5,19.6,0.9,1.5,9.0,{비}0832-{비}{강도0}0900-0910. {비}1010-1043. {비}1242-1354.,
165,목포,2003-10-02,18.6,15.9,0644,22.3,1212,0.4,36,0.5,,0.4,0.5,16.0,20,1608,11.6,360,1521,7.1,6134,360,10.5,33,1321,59.5,12.8,1014.1,1021.1,2305,1015.3,0336,1018.4,11.8,9.5,1200,4.1,20.61,,,,,,4.8,3.5,19.2,13.7,20.2,20.4,21.2,22.0,23.1,23.4,22.6,21.5,19.5,4.2,5.1,,{비}0023-0047.,
165,목포,2003-10-03,17.6,14.0,0651,20.9,1300,,,,,,,18.4,360,1632,12.5,360,1446,7.3,6307,360,8.7,34,1335,55.9,11.3,1018.1,1023.9,0852,1020.7,0006,1022.6,11.8,9.5,1200,4.06,19.77,,,,,,5.0,4.3,17.7,12.0,19.5,19.8,20.5,21.5,22.7,23.0,22.4,21.3,19.5,3.8,5.5,,,
165,목포,2003-10-04,16.3,13.1,0549,20.7,1248,,,,,,,17.8,340,1619,13.3,340,1425,6.2,5357,20,6.7,25,1315,53.8,9.9,1019.4,1025.1,0912,1022.2,1514,1023.8,11.8,10.1,1200,4.18,20.5,,,,,,4.3,4.3,16.9,10.0,19.2,19.5,20.2,21.3,22.5,23.0,22.2,21.4,19.6,3.5,4.9,,,
165,목포,2003-10-05,15.5,12.7,0644,19.4,1225,,,,,,,10.1,20,1442,7.7,360,1431,2.6,2246,50,6.7,31,1229,56.0,9.9,1018.3,1024.3,0932,1021.1,1524,1022.7,11.7,0.3,1400,2.0,8.17,,,,,,7.0,6.1,15.1,8.3,17.9,18.4,19.4,20.8,22.3,22.8,22.2,21.2,19.5,1.8,2.9,,,
165,목포,2003-10-06,16.3,11.4,0620,21.7,1315,,,,,,,10.6,340,1436,8.1,360,1449,3.9,3370,360,10.6,46,1248,68.8,12.9,1017.0,1022.9,0904,1019.5,1500,1021.5,11.7,5.7,1100,3.56,14.49,,,,,,5.0,2.5,15.9,7.6,18.3,18.6,19.3,20.1,22.0,22.5,22.3,21.1,19.6,2.2,3.3,,,
165,목포,2003-10-07,17.7,13.1,0502,24.3,1315,,,,,,,7.7,360,1720,6.1,20,1600,2.3,1987,50,10.8,27,1257,66.4,13.1,1016.0,1022.0,0013,1018.2,1522,1020.3,11.6,9.9,1200,3.86,18.41,,,,,,3.0,0.8,17.5,9.3,19.5,19.6,19.9,20.4,21.8,22.4,22.0,21.3,19.6,2.6,3.8,,,
165,목포,2003-10-08,18.2,12.9,0658,24.7,1411,,,,,,,6.5,160,1204,5.2,320,1520,2.4,2074,110,12.1,34,1330,68.6,14.2,1015.0,1020.7,1003,1017.3,1532,1019.4,11.6,10.7,1200,3.8,19.03,,,,,,0.0,0.0,18.2,7.6,19.8,20.0,20.2,20.7,21.5,22.2,21.9,21.4,19.7,3.0,4.3,,,
165,목포,2003-10-09,19.5,13.7,0642,25.4,1424,,,,,,,6.2,250,1514,4.8,250,1521,2.2,1901,110,12.9,38,1425,66.3,15.0,1015.7,1021.8,1018,1017.9,1537,1020.1,11.6,10.5,1200,3.75,18.89,,,,,,0.1,0.0,19.1,10.2,20.7,20.6,20.7,21.0,21.2,21.9,21.7,21.3,19.6,2.8,4.0,,{박무}2025-{박무}{강도0}2100-2135.,
165,목포,2003-10-10,20.0,15.5,0524,26.0,1402,,,,,,,6.6,140,0844,4.3,340,1717,2.5,2160,90,15.3,44,1414,75.0,17.5,1015.2,1021.1,0104,1017.3,1545,1019.6,11.5,9.3,1200,3.67,17.55,,,,,,1.6,0.0,19.8,13.2,21.6,21.4,21.4,21.5,21.5,21.9,21.5,21.2,19.8,2.3,3.4,,{박무}1534-1731.,
165,목포,2003-10-11,20.3,15.2,0702,25.7,1326,,,,,,,6.7,160,1055,5.0,360,1511,2.5,2160,20,15.1,46,1327,72.4,17.3,1010.7,1020.0,0024,1011.9,2354,1015.0,11.5,8.2,1100,3.38,16.01,,,,,,3.6,1.5,20.3,12.6,21.4,21.3,21.4,21.6,21.7,22.1,21.5,21.2,20.0,2.4,3.5,,{박무}0815-{박무}{강도0}0900-1035. {박무}1645-{박무}{강도0}1800-2025.,
165,목포,2003-10-12,20.2,17.3,0155,25.0,1111,0.5,2006,0.9,1938,1.13,0.9,11.9,340,1829,8.5,360,1837,3.0,2592,360,15.8,53,0958,76.0,18.1,1006.6,1012.2,0011,1009.3,1505,1010.9,11.5,3.6,1100,2.53,10.07,,,,,,8.4,5.4,20.1,14.5,21.6,21.5,21.7,21.8,22.0,22.1,21.7,21.4,19.9,1.6,2.1,10.9,{달무리}0215-0434. {비}1732-1737. {비}1938-2041.{박무}1745-{박무}{강도0}1800-{박무}{강도0}2100-{박무}{강도0}2400-,
165,목포,2003-10-13,17.0,15.0,2302,18.6,0001,1.0,445,3.5,1210,18.38,21.5,12.5,340,0559,8.4,360,0608,3.6,3110,20,16.1,84,2259,93.0,18.5,1010.4,1017.3,2202,1011.6,0049,1014.8,11.4,0.0,1000,0.41,1.69,,,,,,10.0,6.4,18.3,14.7,19.9,20.1,21.0,21.4,22.3,22.1,21.9,21.5,19.7,0.5,0.8,11.5,-{박무}-{박무}{강도0}0300-{박무}{강도0}0600-{박무}{강도0}0900-{박무}{강도0}1200-{박무}{강도0}1500-{박무}{강도0}1800-2057. {비}0228-{비}{강도0}0300-{비}{강도0}0600-{비}{강도0}0900-{비}{강도0}1200-{비}{강도0}1500-{비}{강도0}1800-2051.,
165,목포,2003-10-14,15.8,13.3,2318,19.8,1128,0.0,,0.0,,0.27,0.0,25.1,290,1854,17.2,290,1900,5.9,5098,290,10.2,49,1430,69.3,12.6,1011.5,1017.2,2319,1014.1,1432,1015.9,11.4,7.1,1100,3.49,15.98,,,,,,6.5,5.1,16.7,11.5,18.4,19.2,19.9,20.5,21.9,21.8,21.7,21.3,19.8,1.9,3.2,0.0,{폭풍}1858-1909. {소나기}1842-1858.,
165,목포,2003-10-15,14.7,12.4,2349,17.5,1239,,,,,,,18.1,340,0013,11.0,340,0111,6.3,5443,340,7.0,46,1139,59.1,10.0,1013.4,1019.2,0838,1016.6,1507,1017.9,11.4,2.3,1100,2.58,9.97,,,,,,6.4,4.9,13.4,10.0,15.2,16.2,17.9,18.8,21.4,21.3,21.2,20.8,19.6,2.2,3.0,,,
165,목포,2003-10-16,14.4,11.6,2359,19.4,1339,,,,,,,11.2,360,1653,8.2,360,1828,3.8,3283,360,8.6,47,1322,68.4,11.2,1014.8,1020.4,0859,1018.1,1454,1019.2,11.3,6.1,1300,2.86,13.34,,,,,,3.0,3.0,14.5,8.9,16.0,16.4,17.5,18.4,21.0,21.5,21.4,20.9,19.7,2.0,3.1,,,
165,목포,2003-10-17,14.8,10.0,0646,19.9,1414,,,,,,,8.2,270,1407,4.8,270,1412,2.5,2160,50,8.2,36,1310,65.3,10.9,1014.9,1021.0,0825,1017.7,1733,1019.3,11.3,8.5,1200,3.56,16.3,,,,,,1.1,1.1,14.4,5.8,15.8,16.1,17.1,17.9,20.5,21.1,21.2,21.0,19.9,1.9,3.0,,,
165,목포,2003-10-18,15.3,10.6,0705,20.6,1456,,,,,,,12.0,290,1349,8.1,290,1352,4.2,3629,160,10.6,51,1159,73.6,12.8,1016.2,1022.1,2157,1019.0,1449,1020.6,11.3,9.4,1200,3.42,15.8,,,,,,0.5,0.5,15.4,7.9,17.6,17.8,17.4,18.1,20.0,20.6,20.9,20.9,19.6,2.6,3.5,,{박무}0525-{박무}{강도0}0600-{시정(미만)}{1km}{안개}0615-{시정(미만)}{0.5km}{안개}0625-{시정(이상)}{0.5km}{안개}0818-{시정(이상)}{1km}{박무}0842-{박무}{강도0}0900-1012. {박무}1324-{박무}{강도0}1500-1642.,2.45
165,목포,2003-10-19,13.6,10.3,0703,18.4,1139,,,,,,,12.4,340,1433,8.9,360,1435,3.8,3283,360,7.1,41,1242,65.3,10.1,1017.2,1023.7,0840,1019.9,1519,1021.7,11.2,10.4,1200,3.77,18.55,,,,,,0.0,0.0,14.1,5.0,15.5,15.9,17.0,17.7,19.7,20.8,21.0,21.0,19.8,2.1,3.1,,,
165,목포,2003-10-20,13.5,9.4,0409,19.0,1601,,,,,,,6.6,270,1617,5.2,140,0929,2.1,1814,20,7.5,41,1338,67.3,10.4,1013.6,1021.3,0158,1016.2,1534,1018.1,11.2,5.2,1300,3.0,11.18,,,,,,5.0,1.6,13.0,5.5,14.7,15.2,16.3,17.3,19.4,20.4,20.8,20.9,19.9,1.6,2.4,,{박무}0742-{박무}{강도0}0900-0940.,
165,목포,2003-10-21,15.2,9.6,0524,20.3,1503,,,,,,,7.3,250,1250,4.9,230,1317,3.3,2851,140,12.1,61,1253,81.1,14.2,1010.7,1016.9,0000,1013.4,1646,1015.1,11.1,9.2,1200,3.35,15.51,,,,,,2.6,1.9,15.1,5.5,15.9,15.9,16.6,17.2,18.9,20.0,20.4,20.6,19.6,2.0,2.9,,{박무}0418-{박무}{강도0}0600-{박무}{강도0}0900-1126.,
165,목포,2003-10-22,15.3,12.3,2305,19.6,1159,,,,,,,18.2,340,2221,13.0,340,2229,6.7,5789,320,8.4,40,2253,63.8,11.4,1011.3,1017.9,2230,1014.2,0000,1015.7,11.1,7.9,1200,3.38,14.52,,,,,,2.0,2.0,14.1,9.0,16.1,16.3,17.1,17.7,18.8,19.9,20.2,20.8,19.6,1.7,2.5,,{박무}0615-{박무}{강도0}0900-1027.,
165,목포,2003-10-23,12.1,9.8,2259,14.5,1233,,,,,,,21.0,340,0059,13.9,340,0106,9.0,7776,360,2.9,39,1342,52.6,7.5,1015.2,1021.3,1111,1017.5,0022,1019.6,11.1,9.0,1300,3.23,16.55,,,,,,4.4,4.4,11.5,6.1,14.7,15.3,16.2,17.2,18.4,19.6,20.1,20.7,19.9,1.2,2.7,,{폭풍}0106.,
165,목포,2003-10-24,12.8,8.0,0715,17.4,1340,,,,,,,9.1,290,1243,5.8,290,1307,2.8,2419,140,5.3,40,1232,60.5,9.0,1012.9,1019.5,0000,1015.8,1508,1017.4,11.1,9.8,1200,3.51,17.19,,,,,,2.1,2.1,12.6,4.6,14.5,15.0,16.0,16.6,17.9,19.5,19.9,20.6,19.6,2.2,3.2,,,
165,목포,2003-10-25,12.9,10.3,0506,18.2,1347,,,,,,,16.5,340,1554,11.4,340,1602,5.4,4666,360,7.8,37,1431,71.1,10.7,1011.7,1018.4,2242,1014.6,1451,1016.2,11.0,7.7,1300,3.04,13.28,,,,,,2.6,2.6,12.6,6.8,15.0,15.3,16.0,16.8,18.2,19.7,19.8,20.6,19.8,1.7,2.6,,{박무}0620-0835.,
165,목포,2003-10-26,13.3,9.4,0518,18.1,1415,,,,,,,8.3,270,1426,6.3,290,1426,2.8,2419,140,8.3,49,1312,71.6,11.0,1014.3,1019.9,2327,1017.7,1500,1018.7,11.0,6.1,1200,3.35,13.66,,,,,,2.1,2.1,12.5,4.4,14.8,15.1,15.7,16.4,18.0,19.7,19.9,20.5,19.7,1.2,2.0,,,
165,목포,2003-10-27,14.8,9.3,0705,20.2,1344,,,,,,,11.3,180,1457,7.6,160,1459,4.9,4234,140,9.3,45,1334,69.9,11.8,1014.2,1021.0,0902,1016.7,2337,1018.6,11.0,9.9,1200,3.36,15.81,,,,,,0.0,0.0,13.7,7.1,15.6,15.7,16.2,16.7,17.7,19.5,19.7,20.4,19.6,1.9,2.8,5.0,,
165,목포,2003-10-28,13.1,10.3,2345,18.6,0448,4.5,504,5.0,435,1.83,5.0,21.3,360,0946,15.2,360,0954,9.6,8294,340,5.4,38,1427,59.6,9.3,1014.8,1022.5,2119,1012.2,0436,1019.3,10.9,9.0,1100,3.21,15.69,,,,,,3.8,3.0,12.2,7.2,14.1,14.9,16.1,16.7,17.9,19.4,19.8,20.5,19.7,2.2,3.5,,{천둥}{강도0}(W)0420-{뇌전}{강도0}(W 10-12)0430-{뇌전}{강도0}(W 6-8)0445-{뇌전}{강도1}(W{이동}SW 3-4)0455-{뇌전}{강도2}(SW{이동}S 1-2)0510-{뇌전}{강도1}(S{이동}SE 4-6)0530-{뇌전}{강도0}(SE{이동}E 8-10)0540-0545. {소나기}0435-{비}0550-{비}{강도0}0600-0625. {폭풍}0946-1001. {폭풍}1046-1049. {폭풍}1457-1500.,
165,목포,2003-10-29,11.7,8.7,2307,15.4,1300,,,,,,,14.7,340,1520,11.0,340,1605,7.3,6307,340,4.9,47,1151,62.8,8.7,1018.4,1024.1,0914,1021.9,1627,1022.9,10.9,10.0,1200,3.49,17.05,,,,,,0.9,0.9,11.0,4.4,13.1,13.6,14.8,15.7,17.6,19.1,19.6,20.4,19.9,1.1,2.2,,,
165,목포,2003-10-30,12.2,7.6,0246,18.4,1421,,,,,,,8.0,340,1538,6.3,340,1554,3.0,2592,50,5.5,33,1306,64.3,9.1,1016.0,1022.6,0842,1018.8,1527,1020.4,10.8,8.0,1200,3.26,14.55,,,,,,3.8,0.5,11.6,3.0,13.7,13.9,14.6,15.6,17.4,18.6,19.5,20.5,19.8,1.2,2.4,,,
165,목포,2003-10-31,14.6,8.9,0633,20.7,1346,,,,,,,6.7,200,1355,4.7,270,1414,2.1,1814,140,9.5,47,1101,71.5,12.0,1013.9,1019.7,0028,1017.1,1357,1018.3,10.8,9.6,1100,3.25,14.86,,,,,,2.5,0.0,12.9,3.7,14.7,14.6,15.3,15.8,17.4,18.6,19.5,20.4,20.0,1.9,2.8,,,
165,목포,2003-11-01,16.0,10.9,0656,22.1,1342,,,,,,,5.5,140,1343,4.1,140,2359,2.0,1728,140,12.1,52,1226,77.8,14.2,1013.3,1018.8,0821,1016.5,1517,1017.7,10.8,7.1,1300,2.73,12.09,,,,,,1.5,1.5,14.5,6.0,15.9,15.5,15.8,16.2,17.3,18.7,19.6,20.3,19.8,,2.0,,{박무}0328-{박무}{강도0}0600-{박무}{강도0}0900-1045.,
165,목포,2003-11-02,17.3,13.2,0546,22.9,1411,,,,,,,5.5,160,1144,4.6,140,0017,2.7,2333,140,13.8,55,1412,80.1,15.9,1013.6,1019.5,1033,1016.4,1544,1017.9,10.8,6.6,1200,3.15,12.55,,,,,,2.0,2.0,16.2,10.1,17.1,16.8,16.8,16.9,17.4,18.7,19.6,20.3,19.8,,2.3,,{박무}0325-{박무}{강도0}0600-{박무}{강도0}0900-1025.,
165,목포,2003-11-03,12.8,7.7,2356,15.9,0001,,,,,,,21.6,360,1526,15.6,360,1458,7.9,6826,360,7.3,42,1612,69.4,10.7,1015.1,1023.3,2326,1016.2,0319,1019.6,10.7,7.2,1300,2.91,12.45,,,,,,3.0,1.1,13.0,4.6,16.1,16.1,16.8,17.1,17.7,18.8,19.4,20.1,19.7,,2.6,,{박무}0125-{박무}{강도0}0300-{박무}{강도0}0600-0825. {폭풍}1236-1248. {폭풍}1308-1357. {폭풍}1408-1421. {폭풍}1433-1435. {폭풍}1446-1608. {폭풍}1611-1622. {폭풍}1639-1649. {폭풍}1707-1717.,
165,목포,2003-11-04,12.2,5.0,0621,19.4,1512,,,,,,,7.7,50,0136,4.4,360,1523,2.3,1987,50,3.9,37,1048,57.5,8.4,1017.6,1023.9,0759,1020.3,1610,1022.1,10.7,9.6,1200,3.24,15.23,,,,,,1.1,0.0,10.6,-0.1,13.9,14.0,14.9,15.8,17.4,18.5,18.9,20.0,20.1,,2.5,,,
165,목포,2003-11-05,15.7,11.4,0645,21.5,1537,,,,,,,6.4,110,0256,4.9,110,0313,2.2,1901,110,10.9,52,1519,73.0,13.1,1013.3,1021.2,0000,1015.4,1603,1017.7,10.7,3.1,1200,2.58,9.0,,,,,,3.0,1.9,13.6,7.0,14.9,15.0,15.4,15.9,16.7,18.1,18.6,19.6,19.7,,2.2,,{박무}2125-{박무}{강도0}2400-,
165,목포,2003-11-06,15.0,11.2,0739,21.3,1412,,,,,,,8.4,360,1700,6.5,20,1706,2.4,2074,20,10.5,44,1236,75.5,12.7,1013.8,1019.8,2247,1016.7,0308,1018.2,10.6,9.2,1200,3.0,13.85,,,,,,0.0,0.0,13.8,5.6,15.7,15.7,16.0,16.4,17.0,18.5,18.9,19.9,19.8,,2.3,,-{박무}-{박무}{강도0}0300-{박무}{강도0}0600-{박무}{강도0}0900-0925.,
165,목포,2003-11-07,15.9,12.0,0638,22.2,1415,,,,,,,8.5,140,0140,6.2,140,0133,2.8,2419,140,12.8,57,1415,81.4,14.8,1012.7,1019.7,0000,1015.1,1415,1017.0,10.6,7.2,1200,2.51,11.39,,,,,,2.0,2.0,14.8,7.5,16.2,16.0,16.2,16.6,17.3,18.1,18.6,19.8,19.7,,1.7,0.4,{박무}0412-{박무}{강도0}0600-{박무}{강도0}0900-{박무}{강도0}1200-1220. {박무}2025-{박무}{강도0}2100-{박무}{강도0}2400-,
165,목포,2003-11-08,12.4,10.3,2336,14.9,0244,,,,,9.83,1.0,13.8,340,1651,10.3,340,1658,6.5,5616,340,10.2,72,2125,85.4,12.6,1013.5,1020.8,2159,1015.5,0515,1017.9,10.6,0.1,1500,0.57,1.57,,,,,,9.8,6.5,12.9,9.0,14.6,15.2,16.1,16.6,17.1,17.9,18.2,19.4,19.5,,1.0,4.1,{비}0415-{비}{강도0}0600-{비}{강도0}0900-{비}{강도0}1200-1223. {비}1340-{비}{강도0}1500-1522.  -{박무}-{박무}{강도0}0300-{박무}{강도0}0600-{박무}{강도0}0900-0925.,
165,목포,2003-11-09,11.1,9.0,0820,13.2,1424,,,,,2.6,3.5,9.4,20,1452,7.0,340,0042,3.4,2938,50,7.9,67,1428,79.6,10.7,1017.3,1023.0,0847,1020.1,0020,1021.8,10.5,0.0,1200,1.26,5.09,,,,,,9.8,2.8,11.5,8.9,13.2,13.7,14.8,15.6,16.6,17.7,18.1,19.5,19.6,,1.2,9.5,{비}0645-{비}{강도0}0900-0921.,
165,목포,2003-11-10,11.6,10.8,0534,12.2,1114,,,,,20.32,21.0,8.1,340,2133,5.4,340,2142,2.4,2074,50,11.1,82,0028,95.0,13.2,1015.9,1021.7,0032,1019.0,1510,1020.4,10.5,0.0,1000,0.45,1.76,,,,,,10.0,5.9,12.4,10.6,13.5,13.9,14.7,15.3,16.6,18.0,18.4,19.6,19.5,,1.1,12.5,{비}0205-{비}{강도0}0300-{비}{강도0}0600-{비}{강도0}0900-{비}{강도0}1200-{비}{강도0}1500-1624. {비}1745-{비}{강도0}1800-{비}{강도0}2100-2345.,
165,목포,2003-11-11,11.6,9.2,1041,12.9,1323,,,,,3.83,3.0,25.0,290,1029,15.4,290,1035,7.4,6394,320,6.6,46,1308,71.3,9.8,1017.4,1024.4,2243,1019.8,0332,1021.9,10.5,3.9,1200,2.44,9.15,,,,,,8.9,5.5,11.4,8.6,12.9,13.6,14.3,15.1,16.4,17.7,18.3,19.6,19.5,,1.8,2.0,{비}0020-0130. {비}0412-0545. {비}1023-1057. {비}2304-2337. {폭풍}1032-1039.,
165,목포,2003-11-12,11.2,9.4,2300,13.8,1137,,,,,5.3,1.0,13.9,290,1435,9.1,340,1633,4.5,3888,290,7.6,64,1130,77.5,10.5,1018.9,1024.4,0923,1022.0,1434,1023.4,10.5,1.0,1100,2.28,6.89,,,,,,7.0,5.8,10.9,8.2,12.7,13.0,13.8,14.5,16.0,17.9,18.0,19.5,19.6,,2.0,1.0,{비}1220-1312. {비}1415-{비}{강도0}1500-1640. {비}2112-2313.,
165,목포,2003-11-13,10.2,7.1,2159,14.2,1406,,,,,,,13.5,340,1105,9.1,340,1148,5.7,4925,340,3.1,45,1220,60.8,7.6,1022.5,1028.5,2156,1024.4,0001,1027.0,10.4,9.4,1200,3.31,14.22,,,,,,1.4,0.9,9.8,2.6,12.3,12.4,13.2,14.0,15.4,17.1,17.7,19.3,19.5,,1.9,,,
165,목포,2003-11-14,11.5,5.5,0554,16.7,1246,,,,,,,6.8,110,1709,4.5,140,2254,2.2,1901,110,6.1,46,1247,69.1,9.6,1021.2,1028.4,0000,1022.7,2355,1025.7,10.4,2.9,1200,3.24,8.63,,,,,,5.3,2.4,10.2,1.6,12.4,12.6,12.6,13.5,15.4,17.5,17.8,19.6,19.5,,1.4,,,
165,목포,2003-11-15,13.8,10.1,2357,18.2,1132,,,,,0.55,0.1,13.2,340,2138,9.6,340,2231,5.1,4406,140,10.5,64,2341,79.5,12.9,1015.4,1022.7,0000,1017.3,1314,1019.8,10.4,1.1,1400,1.26,5.87,,,,,,7.1,6.4,12.9,9.3,13.9,13.5,13.9,14.3,15.4,17.4,17.6,19.6,19.4,,1.6,0.1, {박무}0220-{박무}{강도0}0300-{박무}{강도0}0600-0621.  {박무}1535-{박무}{강도0}1800-{박무}{강도0}2100-2324. {비}1113-1146.,
165,목포,2003-11-16,8.9,4.0,2359,12.5,1107,,,,,,,17.6,340,1417,12.4,360,1436,8.2,7085,340,1.6,46,1205,59.6,6.9,1020.6,1028.0,2340,1021.4,0009,1025.1,10.3,9.4,1200,3.02,13.71,,,,,,1.5,1.5,8.8,0.0,11.2,11.6,13.0,13.9,15.4,17.2,17.5,19.3,19.4,,1.9,,,
165,목포,2003-11-17,8.5,2.0,0720,15.5,1508,,,,,,,6.3,50,0154,4.0,20,0046,2.5,2160,50,-1.0,23,1259,52.1,5.8,1023.1,1029.7,0900,1026.2,1510,1027.7,10.3,9.7,1200,3.23,14.7,,,,,,0.1,0.0,7.7,-1.9,9.5,9.9,11.6,12.7,14.9,16.7,17.2,19.0,19.3,,1.8,,,
165,목포,2003-11-18,11.4,7.0,0537,14.2,1200,,,,,5.88,1.5,9.9,90,2232,6.5,110,2232,2.3,1987,70,8.1,62,1117,79.3,11.1,1018.2,1026.5,0026,1018.9,2232,1022.7,10.3,0.6,1100,1.09,3.77,,,,,,7.4,3.9,9.9,3.4,10.6,10.7,11.7,12.5,14.7,16.5,17.1,19.2,19.5,,1.2,1.5,{비}1230-1435.  {비}1625-{비}{강도0}1800-2013.,
165,목포,2003-11-19,15.2,12.7,0652,17.5,1428,,,,,2.97,1.0,6.2,110,1222,4.3,110,1611,1.9,1642,90,12.6,75,1303,83.1,14.6,1013.0,1020.1,0026,1015.3,1402,1017.4,10.3,0.9,1000,1.62,5.27,,,,,,9.4,5.3,14.2,10.0,14.4,13.8,13.6,13.7,14.4,16.2,17.0,19.3,19.5,,1.2,1.0,{비}1212-1233. {비}2123-{비}{강도0}2400-,
165,목포,2003-11-20,13.4,11.1,2306,15.1,1041,,,,,8.65,3.0,15.8,340,2155,10.7,340,2202,4.3,3715,340,11.6,76,2246,87.5,13.7,1007.8,1015.5,0000,1009.3,1418,1012.2,10.2,0.0,1400,0.49,2.01,,,,,,8.8,5.3,13.4,10.6,14.3,14.0,14.4,14.5,14.8,16.4,16.9,19.3,19.4,,1.2,3.0,-{비}-0025. {비}0810-{비}{강도0}0900-{비}{강도0}1200-{비}{강도0}1500-1624.,
165,목포,2003-11-21,9.2,5.2,2355,13.0,1233,,,,,0.77,0.1,24.5,340,1633,16.1,320,2003,10.3,8899,320,2.7,42,1227,63.0,7.6,1015.3,1026.2,2346,1013.7,0022,1019.8,10.2,3.5,1200,1.94,7.59,,,,,,6.5,6.5,8.8,4.2,11.0,11.8,13.3,13.9,15.0,16.5,17.0,19.1,19.4,,1.7,0.1,{비}0520-0535.  {비}1323-1354.  {폭풍}1227-1229.  {폭풍}1442-1454.  {폭풍}1546-1648.  {폭풍}1832-1838.  {폭풍}1919-2032.  {폭풍}2115-2119.  {폭풍}2134-2136.  {폭풍}2340-2348.,
165,목포,2003-11-22,4.1,1.5,2400,8.3,1429,,,,,0.4,0.0,19.6,340,0237,14.2,360,0307,5.3,4579,50,-3.3,44,0337,57.9,4.8,1025.9,1033.9,2253,1026.0,0000,1030.6,10.2,5.6,1200,2.86,11.03,,,,,,3.8,3.8,5.3,-3.7,8.1,8.9,10.7,12.1,14.5,16.2,16.8,19.0,19.5,,1.2,,{소나기}0522-0546. {폭풍}0238. {폭풍}0306-0309.,
165,목포,2003-11-23,5.0,-0.3,0657,10.2,1530,,,,,,,6.7,140,1156,4.3,230,1400,2.1,1814,50,-6.7,24,1157,43.0,3.8,1028.9,1035.9,0908,1031.7,1648,1033.5,10.2,9.2,1200,3.07,13.87,,,,,,0.0,0.0,4.2,-4.6,6.5,7.7,9.5,10.9,14.0,15.7,16.3,18.7,19.3,,1.8,,,
165,목포,2003-11-24,10.8,3.9,0136,17.1,1355,,,,,,,6.8,110,1833,5.2,110,1841,2.6,2246,110,3.6,45,0226,60.8,8.3,1023.5,1032.6,0001,1025.3,2359,1028.1,10.2,4.7,1200,2.77,9.78,,,,,,6.0,5.6,8.4,1.0,9.6,9.4,10.1,11.3,13.7,15.8,16.5,18.8,19.4,,1.9,0.0,,
165,목포,2003-11-25,10.9,7.1,2316,15.0,1133,,,,,0.22,0.0,18.1,340,1546,12.5,360,1525,5.7,4925,360,8.1,69,1303,81.6,10.8,1023.6,1030.8,2231,1025.2,0134,1028.1,10.1,6.7,1200,2.02,10.83,,,,,,3.0,3.0,10.7,2.6,12.0,11.8,12.0,12.3,13.2,15.3,16.4,18.6,19.3,,1.8,,{소나기}0341-0354.,
165,목포,2003-11-26,11.5,6.8,0713,16.9,1436,,,,,1.77,0.3,8.4,140,1156,5.7,110,1333,2.4,2074,110,6.9,49,1408,74.0,10.0,1023.5,1030.6,0747,1025.9,1434,1028.0,10.1,5.2,1100,1.78,9.92,,,,,,5.8,3.0,10.1,1.6,10.9,10.9,11.7,12.2,13.5,15.5,16.4,18.7,19.4,,1.6,4.3,{박무}0615-0828. {박무}1735-{박무}{강도0}1800-1920. {비}2214-{비}{강도0}2400-,
165,목포,2003-11-27,10.0,9.4,0804,11.1,0000,,,,,21.3,12.0,8.8,20,0406,6.6,360,0407,3.7,3197,20,9.2,86,1138,92.9,11.6,1019.9,1026.8,0000,1022.9,1405,1024.5,10.1,0.0,1100,0.55,2.34,,,,,,10.0,5.6,10.4,9.0,11.7,11.7,12.2,12.6,13.6,15.3,16.2,18.9,19.5,,0.7,8.5, -{비}-{비}{강도0}0300-{비}{강도0}0600-{비}{강도0}0900-0925.  {비}1207-{비}{강도0}1500-{비}{강도0}1800-{비}{강도0}2100-{비}{강도0}2400-,
165,목포,2003-11-28,11.7,9.2,0538,14.9,1414,,,,,2.2,2.0,11.6,290,2233,8.2,320,2233,3.4,2938,20,9.9,76,1329,87.5,12.2,1016.1,1023.3,0000,1018.6,1621,1020.6,10.1,0.7,1100,1.07,6.24,,,,,,9.0,6.9,12.2,8.4,12.8,12.3,12.6,12.7,13.6,15.2,16.0,18.8,19.3,,1.2,1.6,-{비}-0122. {박무}0110-{박무}{강도0}0300-0312. {박무}0724-{박무}{강도0}0900-1115. {비}2135-2225.,
165,목포,2003-11-29,9.6,8.2,2359,11.5,1354,,,,,1.38,0.1,19.2,340,0611,12.6,340,0613,8.8,7603,340,5.6,61,1344,75.3,9.2,1014.2,1020.1,0000,1017.3,1415,1018.7,10.1,0.4,1300,1.17,4.25,,,,,,9.9,4.0,9.6,7.5,11.6,11.6,12.5,13.0,13.9,15.2,16.0,18.8,19.4,,1.2,,{비}0546-{비}{강도0}0600-0709.,
165,목포,2003-11-30,9.2,6.3,2339,13.1,1226,,,,,,,13.7,320,0534,9.4,360,1704,6.5,5616,360,4.6,54,1228,72.1,8.5,1015.8,1022.5,2255,1018.6,0027,1020.3,10.0,9.2,1200,2.1,12.58,,,,,,2.8,2.1,9.1,4.9,10.3,11.0,11.6,12.3,13.4,15.0,15.5,18.8,19.2,,2.1,,,
165,목포,2003-12-01,8.4,4.6,0652,13.6,1321,,,,,,,11.7,340,1753,8.7,340,1755,4.2,3629,50,6.0,63,1346,84.1,9.4,1017.6,1023.4,2209,1020.5,1432,1022.1,10.0,8.7,1200,2.01,11.91,,,,,,0.4,0.4,8.2,2.7,9.1,10.0,11.1,11.8,13.4,15.1,15.8,18.8,19.2,,1.9,,{박무}0624-{박무}{강도1}0900-{박무}{강도0}1200-{박무}{강도0}1500-{박무}{강도0}1800-{박무}{강도0}2100-{박무}{강도0}2400-,
165,목포,2003-12-02,7.7,4.5,0428,11.9,1244,,,,,,,15.2,340,1252,10.3,20,1212,5.0,4320,20,3.5,54,1557,74.0,7.8,1018.5,1024.2,0938,1021.2,1447,1023.0,10.0,7.3,1200,1.82,10.43,,,,,,1.3,0.8,7.1,1.3,8.6,9.6,10.7,11.5,13.3,15.1,15.8,18.8,19.2,,2.0,,-{박무}-{박무}{강도0}0300-{박무}{강도0}0600-{박무}{강도0}0900-{박무}{강도0}1200-{박무}{강도0}1500-{박무}{강도0}1800-1945.,
165,목포,2003-12-03,6.6,2.0,0608,12.2,1256,,,,,,,12.3,360,1446,8.6,360,1455,4.2,3629,20,-1.1,24,1049,59.4,5.7,1020.1,1027.0,2251,1023.0,0253,1024.7,10.0,8.9,1200,2.07,12.32,,,,,,0.0,0.0,5.5,-2.3,7.2,8.2,9.7,10.6,12.9,14.9,15.6,18.6,19.2,,2.0,,{박무}0120-{박무}{강도0}0300-{박무}{강도0}0600-0640.,
165,목포,2003-12-04,5.8,1.6,0631,11.6,1546,,,,,,,7.3,20,1657,5.8,20,1650,2.8,2419,50,-1.2,32,1514,61.9,5.6,1022.9,1030.3,1001,1025.6,1859,1027.5,10.0,8.8,1200,2.09,12.77,,,,,,2.5,0.0,5.7,-2.4,7.1,7.8,9.2,10.2,12.4,14.5,15.4,18.4,19.0,,1.5,,,
165,목포,2003-12-05,11.2,4.9,0001,15.7,1435,,,,,6.12,9.0,11.9,140,1518,8.1,140,1521,3.7,3197,110,4.7,45,0117,65.1,9.0,1017.4,1026.5,0031,1017.7,2357,1021.8,10.0,2.5,1000,1.53,7.07,,,,,,8.9,6.1,8.9,2.2,9.2,9.0,9.6,10.4,11.9,14.1,15.1,18.3,18.9,,0.7,13.0,{비}1358-1408. {비}1654-{비}{강도0}1800-{비}{강도0}2100-2242. {비}2337-2346.,
165,목포,2003-12-06,8.3,2.8,2356,11.8,0026,,,,,8.62,4.0,22.9,320,2103,15.6,320,2110,8.2,7085,340,4.2,48,2332,75.5,8.7,1016.7,1028.4,2354,1016.1,0258,1021.3,9.9,2.4,1100,1.77,6.43,,,,,,7.9,5.9,9.0,2.3,10.5,10.6,11.0,11.5,12.2,14.4,15.0,18.1,19.0,,1.1,0.0,{비}0032-0054.  {비}0116-0127.  {비}0215-{비}{강도0}0300-{비}{강도0}0600-{비}{강도0}0900-0910.  {비}2042-{비}{강도0}2100-2151.  {폭풍}1910-1915.  {폭풍}1936-1938.  {폭풍}1951-1957.  {폭풍}2105-2134.  {폭풍}2153-2212.  {폭풍}2349-,
165,목포,2003-12-07,0.5,-1.2,1027,2.8,0000,,,,,7.55,1.0,22.5,340,0316,15.5,360,0323,6.8,5875,360,-3.6,46,0010,73.4,4.7,1026.8,1033.7,1016,1028.2,0024,1031.5,9.9,1.5,1100,1.42,6.07,1.5,1045,1.5,1045,1.5,6.8,6.8,2.5,-1.9,5.0,6.4,8.6,9.8,12.1,14.2,15.0,18.0,19.0,,0.7,1.0,{소낙눈}0232-{소낙눈}{강도0}0300-0305.  {소낙눈}0442-{소낙눈}{강도0}0600-0612.  {소낙눈}0812-{소낙눈}{강도0}0900-{눈}0915-{소낙눈}1045-1125.  {소낙눈}1208-1425.  -{폭풍}-0011.  {폭풍}0026.  {폭풍}0254-0306.  {폭풍}0315-0346.  {폭풍}0415-0416.,
165,목포,2003-12-08,3.9,-0.3,0314,7.5,1454,,,,,0.12,0.0,12.5,290,0941,9.4,270,1356,4.7,4061,320,-2.6,49,1348,62.0,5.1,1027.1,1033.1,1009,1030.7,1355,1031.8,9.9,3.7,1300,1.34,7.18,,,,,,6.0,6.0,3.7,-1.6,5.0,5.8,7.5,8.5,11.6,13.7,14.7,17.7,18.8,,1.2,,{소낙눈}0718-0725.,
165,목포,2003-12-09,1.9,-0.8,2217,5.8,0001,,,,,,,14.7,20,0158,10.7,20,0113,4.9,4234,50,-5.2,38,1459,59.0,4.2,1029.0,1035.0,1009,1031.8,0153,1033.7,9.9,3.5,1200,1.71,7.52,,,,,,3.4,3.4,2.8,-2.9,4.9,5.8,7.4,8.4,11.2,13.8,14.9,17.8,19.0,,1.1,,,
165,목포,2003-12-10,2.3,-2.4,0551,7.0,1322,,,,,,,9.8,20,1533,7.1,20,1522,3.1,2678,50,-4.1,39,1427,63.4,4.6,1025.8,1034.2,0008,1027.2,2242,1030.5,9.9,6.2,1200,2.06,10.61,,,,,,4.8,2.3,2.1,-6.1,4.1,5.0,6.5,7.9,10.7,13.4,14.6,17.7,18.7,,0.7,1.0,,
165,목포,2003-12-11,3.9,0.3,0208,8.3,1244,,,,,6.63,2.5,11.6,340,1325,9.2,360,1327,3.7,3197,50,0.7,56,1246,79.3,6.4,1019.3,1027.2,0000,1022.3,1513,1023.9,9.9,5.6,1100,1.84,9.36,,,,,,7.1,5.6,4.4,-1.5,5.7,6.1,7.1,7.9,10.4,13.4,14.6,17.6,18.9,,1.1,2.0,{진눈깨비}0005-{눈}0210-{눈}{강도0}0300-{진눈깨비}0318-{비}0345-0525. {소나기}1908-1942. {소나기}2209-{소나기}/{우박}(d 0.5)2218-{소나기}2220-2249. {비}2356-{비}{강도0}2400-,
165,목포,2003-12-12,3.9,1.7,1806,5.6,0352,,,,,6.87,2.5,19.4,320,1516,12.3,360,1501,7.1,6134,340,-0.1,55,0436,74.3,6.1,1018.7,1025.2,2244,1021.6,0431,1023.4,9.9,1.0,1100,0.91,3.98,,,,,,8.8,6.0,3.7,1.0,5.1,5.8,7.1,8.1,10.2,13.1,14.5,17.5,19.0,,0.9,2.0, -{비}-0017.  {비}0615-0650.  {비}0812-0834.  {비}0911-1150.  {비}1222-1448.  {진눈깨비}1751-{진눈깨비}{강도0}1800-1824.,
165,목포,2003-12-13,5.0,3.4,0013,6.5,1240,,,,,0.43,0.0,12.0,340,1622,8.7,360,1621,5.8,5011,340,-2.1,50,1341,59.1,5.2,1020.9,1026.4,0959,1024.6,0227,1025.5,9.9,0.2,1200,1.06,5.17,,,,,,8.5,8.0,3.7,1.8,5.2,5.7,6.8,7.6,9.9,12.6,14.2,17.4,18.8,,1.9,,{비}0548-{비}{강도0}0600-0614.,
165,목포,2003-12-14,5.4,4.4,0309,6.9,1231,,,,,,,14.1,360,1554,9.8,360,1600,5.5,4752,340,-2.1,48,1543,57.5,5.3,1020.1,1026.1,0004,1023.6,2359,1024.7,9.9,0.0,1200,0.71,4.08,,,,,,7.8,7.8,3.8,2.1,5.3,5.9,7.0,7.8,9.6,12.4,14.1,17.4,18.8,,1.7,0.0,,
165,목포,2003-12-15,4.5,1.5,2351,6.8,0456,,,,,0.37,0.0,20.1,340,1339,15.0,360,1340,9.4,8122,360,-1.9,53,1142,62.1,5.3,1018.8,1025.1,2330,1021.4,0450,1023.4,9.8,2.2,1300,1.33,6.55,,,,,,5.1,5.1,3.2,-1.5,4.9,5.7,6.9,7.6,9.3,12.1,14.0,17.3,18.8,,1.5,, {비}0503-0525.  {폭풍}1339-1346.  {폭풍}1420-1421.,
165,목포,2003-12-16,4.0,-0.7,0732,8.0,1258,,,,,,,8.3,320,1342,6.3,290,1600,2.6,2246,290,-1.7,51,1117,65.8,5.5,1017.9,1025.5,0213,1018.8,2357,1022.5,9.8,7.1,1200,1.88,11.01,,,,,,4.4,4.0,3.7,-5.3,5.0,5.2,6.3,7.1,8.9,11.8,13.8,17.2,18.7,,1.3,0.0,,
165,목포,2003-12-17,4.9,2.3,1653,7.4,0435,,,,,2.2,0.1,19.6,340,1416,13.5,340,1236,8.9,7690,340,-1.5,50,1434,62.4,5.5,1015.9,1023.5,2105,1016.6,0529,1020.5,9.8,2.5,1300,1.38,6.66,,,,,,8.0,6.3,4.4,1.5,5.7,6.1,7.0,7.6,8.9,12.0,13.8,17.2,18.7,,1.0,0.1,{비}0545-{비}{강도0}0600-0620. {비}0938-1018. {비}1712-{비}{강도0}1800-1809.,
165,목포,2003-12-18,2.9,1.7,0746,3.9,1231,,,,,2.03,0.0,18.9,360,2302,12.8,360,2303,6.1,5270,360,-2.4,51,2141,67.3,5.2,1018.2,1024.5,0845,1021.3,2346,1022.8,9.8,0.3,1000,0.68,3.92,,,,,,9.1,6.3,2.8,1.6,4.6,5.3,6.4,7.3,9.3,11.7,13.4,16.9,18.5,,0.8,0.1, {비}1648-1721.  {비}1943-2041.  {소낙눈}2241-2312.,
165,목포,2003-12-19,0.3,-1.2,0722,3.3,0000,,,,,11.22,0.6,24.5,360,1129,16.2,360,1137,11.4,9850,360,-4.1,46,1115,71.9,4.5,1019.9,1026.5,2243,1021.3,0000,1024.6,9.8,1.9,1100,1.45,6.26,0.5,1232,0.5,1232,0.8,7.1,7.1,0.5,-2.0,3.0,4.0,5.7,6.9,8.8,11.4,13.3,16.9,18.5,,0.7,1.3,{소낙눈}0012-0123. {소낙눈}0211-{소낙눈}{강도0}0300-0418. {소낙눈}0446-0508. {소낙눈}0711-0725. {소낙눈}0818-0831. {소낙눈}0849-{소낙눈}{강도0}0900-1037. {소낙눈}1136-1142. {소낙눈}1157-{소낙눈}{강도0}1200-1248. {소낙눈}1322-1329. {소낙눈}1346-1415. {소낙눈}1434-{소낙눈}{강도0}1500-1727. {소낙눈}1828-1842. {소낙눈}2016-2022. {소낙눈}2236-2308. {폭풍}0053-0058. {폭풍}0133-0137. {폭풍}0247-0253. {폭풍}0554-0556. {폭풍}0716-0721. {폭풍}1103-1151. {폭풍}1648-1655. {폭풍}1715-1722. {폭풍}2100-2103.,
165,목포,2003-12-20,-0.3,-2.7,0724,2.2,1633,,,,,13.12,1.5,20.5,360,0100,13.7,360,0027,6.4,5530,360,-4.1,54,0015,76.3,4.5,1024.9,1031.6,2325,1026.2,0000,1029.7,9.8,2.4,1100,1.15,6.13,2.5,0747,2.5,0747,2.8,6.9,6.9,0.7,-4.0,2.6,3.7,5.1,6.3,8.8,11.5,13.1,16.9,18.5,,0.7,0.7,{소낙눈}0029-0113. {소낙눈}0316-0548. {소낙눈}0621-{소낙눈}{강도0}0900-{소낙눈}{강도0}1200-{싸락눈}1410-{소낙눈}1450-{소낙눈}{강도0}1500-1612.,
165,목포,2003-12-21,1.8,-3.0,0728,7.3,1507,,,,,,,6.3,20,1428,4.9,20,1547,2.4,2074,20,-3.3,53,1344,68.9,4.9,1025.6,1033.2,0952,1027.2,2341,1030.3,9.8,8.5,1200,2.03,11.91,,,,,,2.0,2.0,2.4,-7.0,3.9,4.1,5.5,6.2,8.7,10.8,13.0,16.6,18.3,,1.6,,,
165,목포,2003-12-22,5.3,1.5,0627,9.8,1239,,,,,,,9.3,290,1317,7.5,290,1340,3.0,2592,160,1.6,54,1241,76.1,6.8,1019.6,1027.3,0005,1022.3,2325,1024.3,9.8,6.6,1200,1.77,9.47,,,,,,1.5,1.5,3.5,-3.1,5.0,5.2,6.0,6.5,8.7,10.7,13.0,16.3,18.4,,1.3,,{박무}0945-{박무}{강도0}1200-1425. {박무}2118-{박무}{강도0}2400-,
165,목포,2003-12-23,6.2,1.8,0801,11.0,1527,,,,,,,5.2,250,1337,3.6,270,1333,2.2,1901,160,3.1,57,1529,79.6,7.6,1014.8,1022.5,0029,1017.6,1744,1019.4,9.8,7.5,1200,1.81,10.21,,,,,,1.0,1.0,4.2,-1.9,4.5,5.7,6.4,6.8,8.8,10.6,13.1,16.3,18.4,,1.4,,-{박무}-{박무}{강도0}0300-{박무}{강도0}0600-{시정(미만)}{1km}{안개}0750-{시정(이상)}{1km}{박무}0830-{박무}{강도0}0900-{박무}{강도0}1200-{박무}{강도0}1500-{박무}{강도0}1800-{박무}{강도0}2100-{박무}{강도0}2400-,0.67
165,목포,2003-12-24,7.5,4.1,2357,12.3,1542,,,,,,,7.4,320,0444,5.5,320,0452,1.6,1382,230,4.1,47,1615,78.8,8.2,1014.6,1021.2,1000,1017.7,0039,1019.1,9.8,7.6,1200,1.75,9.89,,,,,,2.3,2.3,5.1,-3.1,5.9,6.2,6.8,7.5,8.9,10.6,13.2,16.4,18.4,,0.9,,-{박무}-{박무}{강도0}0300-{박무}{강도1}0600-{시정(미만)}{1km}{안개}0815-{안개}{강도0}0900-{시정(이상)}{1km}{박무}0948-{박무}{강도1}1200-{박무}{강도0}1500-{박무}{강도0}1800-{박무}{강도0}2100{박무}{강도0}2400-,1.55
165,목포,2003-12-25,3.5,1.1,0732,8.2,1247,,,,,,,18.7,320,1425,13.7,340,1450,6.4,5530,340,-0.8,50,1817,73.9,5.9,1013.6,1020.6,2237,1016.5,1323,1018.2,9.8,2.3,1200,1.5,6.33,,,,,,7.3,7.3,2.8,-1.7,4.4,5.2,6.5,7.2,8.6,10.4,13.1,16.3,18.4,,1.0,0.0,-{박무}-{시정(미만)}{1km}{안개}0210-{시정(미만)}{0.5km}{안개}0228-{시정(미만)}{0.2km}{안개}0232-{시정(미만)}{0.1km}{안개}0240-{안개}{강도2}0300-{안개}{강도2}0600-{시정(이상)}{0.1km}{안개}0605-{시정(이상)}{0.2km}{안개}0612-{시정(이상)}{0.5km}{안개}0633-{시정(미만)}{0.5km}{안개}0724-{시정(이상)}{0.5km}{안개}0817-{시정(이상)}{1km}{박무}0838-{박무}{강도2}0900-{박무}{강도1}1200-{박무}{강도0}1500-1515.,6.47
165,목포,2003-12-26,1.5,-0.5,1956,2.7,0147,,,,,9.4,0.4,25.0,320,1311,15.8,340,1316,10.2,8813,320,-4.8,51,1230,62.1,4.3,1017.0,1024.8,2310,1019.5,0530,1021.7,9.8,3.5,1200,1.22,7.04,0.5,2028,0.5,2028,0.5,7.0,7.0,1.6,-1.3,3.2,4.0,5.6,6.8,8.2,10.2,13.0,16.0,18.1,,0.5,0.4,{소낙눈}0312-0326. {소낙눈}0808-0815. {소낙눈}0907-0932. {소낙눈}1008-{소낙눈}{강도0}1200-1412. {소낙눈}1541-1722. {소낙눈}1819-1853. {소낙눈}1916-{소낙눈}{강도0}2100-2135. {폭풍}1316.,
165,목포,2003-12-27,1.6,-0.4,2309,4.9,1300,,,,,1.4,0.0,20.6,340,0443,14.1,360,0447,8.1,6998,360,-5.1,47,1243,60.5,4.2,1024.8,1032.3,2124,1024.6,0000,1029.5,9.8,7.7,1200,2.07,11.93,,,,,,3.9,3.9,1.8,-6.8,3.5,4.0,5.5,6.4,8.0,10.4,12.8,16.1,18.0,,1.0,,{소낙눈}0036-0049.  {소낙눈}0208-0224.  {소낙눈}0525-{소낙눈}{강도0}0600-0620.  {폭풍}0447-0448.,
165,목포,2003-12-28,3.2,-2.0,0729,8.2,1527,,,,,,,6.8,140,2215,5.6,140,2221,2.7,2333,140,-2.3,48,1241,67.0,5.3,1025.6,1033.0,0940,1026.5,2326,1030.3,9.8,8.9,1300,1.88,11.4,,,,,,2.6,1.9,2.8,-6.7,3.7,4.2,5.1,6.0,8.0,10.3,12.5,15.9,18.0,,1.2,,,
165,목포,2003-12-29,6.3,3.0,2349,10.0,1336,,,,,0.12,0.0,11.5,290,1209,8.9,290,1218,5.0,4320,340,1.8,58,1501,71.9,7.0,1021.3,1027.7,2249,1023.8,1353,1025.9,9.8,3.2,1300,1.48,6.96,,,,,,5.1,3.0,5.1,0.7,5.6,5.8,6.2,6.6,7.8,10.1,12.6,15.8,18.0,,1.6,0.0,{비}0918-0925. {박무}1621-{박무}{강도0}1800-2010.,
165,목포,2003-12-30,2.7,0.7,0652,4.4,1416,,,,,0.88,0.0,9.1,340,0129,6.8,340,0138,3.8,3283,340,-1.4,59,1029,73.0,5.5,1020.5,1028.0,0938,1022.4,2344,1025.2,9.9,0.0,1100,0.53,2.68,,,,,,7.5,5.8,1.9,-2.9,3.7,4.4,5.6,6.4,7.9,10.1,12.4,15.8,18.0,,0.5,0.0, {비}2307-{비}{강도0}2400-,
165,목포,2003-12-31,4.6,2.3,0811,8.2,1336,,,,,0.88,0.0,11.7,270,1439,8.8,270,1441,3.7,3197,340,1.2,63,1207,77.0,6.7,1017.2,1023.0,2209,1019.9,1340,1021.8,9.9,2.9,1100,1.66,7.83,,,,,,6.1,4.9,3.6,-1.3,5.0,5.4,6.0,6.6,7.8,9.9,12.3,15.7,18.0,,0.8,0.0,-{비}-0040. {비}1445-1458. {박무}1735-{박무}{강도0}1800-{박무}{강도0}2100-{박무}{강도0}2400-,
